location,date,new_cases,people_vaccinated,population
Ecuador,2021-01-20,924.0,17.0,17823857.0
Ecuador,2021-01-21,1747.0,3008.0,17823857.0
Ecuador,2021-01-22,1874.0,3811.0,17823857.0
Ecuador,2021-01-23,969.0,3848.0,17823857.0
Ecuador,2021-01-25,3060.0,5116.0,17823857.0
Ecuador,2021-01-26,275.0,5876.0,17823857.0
Ecuador,2021-01-27,579.0,6580.0,17823857.0
Ecuador,2021-01-28,1389.0,6802.0,17823857.0
Ecuador,2021-01-29,2465.0,7091.0,17823857.0
Ecuador,2021-01-31,3092.0,7133.0,17823857.0
Ecuador,2021-02-01,1049.0,8521.0,17823857.0
Ecuador,2021-02-02,158.0,9722.0,17823857.0
Ecuador,2021-02-03,293.0,12357.0,17823857.0
Ecuador,2021-02-04,1111.0,12425.0,17823857.0
Ecuador,2021-02-05,949.0,12428.0,17823857.0
Ecuador,2021-02-06,2073.0,12429.0,17823857.0
Ecuador,2021-02-08,1167.0,12431.0,17823857.0
Ecuador,2021-02-10,1176.0,12431.0,17823857.0
Ecuador,2021-02-11,293.0,12466.0,17823857.0
Ecuador,2021-02-12,2237.0,12483.0,17823857.0
Ecuador,2021-02-13,1204.0,12487.0,17823857.0
Ecuador,2021-02-15,1696.0,12488.0,17823857.0
Ecuador,2021-02-17,372.0,12491.0,17823857.0
Ecuador,2021-02-18,146.0,34661.0,17823857.0
Ecuador,2021-02-19,1641.0,39607.0,17823857.0
Ecuador,2021-02-20,1416.0,39607.0,17823857.0
Ecuador,2021-02-21,1821.0,41483.0,17823857.0
Ecuador,2021-02-22,1576.0,43101.0,17823857.0
Ecuador,2021-02-23,295.0,43112.0,17823857.0
Ecuador,2021-02-24,812.0,43136.0,17823857.0
Ecuador,2021-02-25,2999.0,59989.0,17823857.0
Ecuador,2021-02-26,2390.0,69907.0,17823857.0
Ecuador,2021-02-27,1430.0,70000.0,17823857.0
Ecuador,2021-02-28,0.0,70004.0,17823857.0
Ecuador,2021-03-01,3556.0,70478.0,17823857.0
Ecuador,2021-03-02,212.0,70499.0,17823857.0
Ecuador,2021-03-03,358.0,70525.0,17823857.0
Ecuador,2021-03-04,2747.0,99847.0,17823857.0
Ecuador,2021-03-05,263.0,119709.0,17823857.0
Ecuador,2021-03-06,1335.0,123672.0,17823857.0
Ecuador,2021-03-07,1873.0,123845.0,17823857.0
Ecuador,2021-03-08,1560.0,128460.0,17823857.0
Ecuador,2021-03-09,115.0,130164.0,17823857.0
Ecuador,2021-03-10,496.0,130773.0,17823857.0
Ecuador,2021-03-11,1727.0,160339.0,17823857.0
Ecuador,2021-03-12,1116.0,204385.0,17823857.0
Ecuador,2021-03-13,1259.0,220452.0,17823857.0
Ecuador,2021-03-14,1450.0,221190.0,17823857.0
Ecuador,2021-03-15,1555.0,231703.0,17823857.0
Ecuador,2021-03-16,277.0,239702.0,17823857.0
Ecuador,2021-03-17,356.0,245860.0,17823857.0
Ecuador,2021-03-18,2744.0,249118.0,17823857.0
Ecuador,2021-03-19,1831.0,252474.0,17823857.0
Ecuador,2021-03-20,2214.0,257550.0,17823857.0
Ecuador,2021-03-21,1225.0,259507.0,17823857.0
Ecuador,2021-03-22,1730.0,301190.0,17823857.0
Ecuador,2021-03-23,253.0,324321.0,17823857.0
Ecuador,2021-03-24,719.0,333815.0,17823857.0
Ecuador,2021-03-25,3237.0,344556.0,17823857.0
Ecuador,2021-03-26,1849.0,356221.0,17823857.0
Ecuador,2021-03-27,2795.0,360721.0,17823857.0
Ecuador,2021-03-28,1248.0,361055.0,17823857.0
Ecuador,2021-03-29,1783.0,379843.0,17823857.0
Ecuador,2021-03-30,642.0,388223.0,17823857.0
Ecuador,2021-03-31,2201.0,400735.0,17823857.0
Ecuador,2021-04-01,1430.0,424106.0,17823857.0
Ecuador,2021-04-02,1633.0,430113.0,17823857.0
Ecuador,2021-04-03,1650.0,435892.0,17823857.0
Ecuador,2021-04-04,1137.0,438701.0,17823857.0
Ecuador,2021-04-05,2506.0,471370.0,17823857.0
Ecuador,2021-04-06,1096.0,503590.0,17823857.0
Ecuador,2021-04-07,925.0,543878.0,17823857.0
Ecuador,2021-04-08,1902.0,553900.0,17823857.0
Ecuador,2021-04-09,2015.0,560689.0,17823857.0
Ecuador,2021-04-10,1059.0,561873.0,17823857.0
Ecuador,2021-04-11,2199.0,561882.0,17823857.0
Ecuador,2021-04-12,1940.0,562745.0,17823857.0
Ecuador,2021-04-13,253.0,603632.0,17823857.0
Ecuador,2021-04-14,519.0,632527.0,17823857.0
Ecuador,2021-04-15,2950.0,661453.0,17823857.0
Ecuador,2021-04-16,4892.0,690331.0,17823857.0
Ecuador,2021-04-17,533.0,731470.0,17823857.0
Ecuador,2021-04-18,2193.0,734040.0,17823857.0
Ecuador,2021-04-19,2389.0,770219.0,17823857.0
Ecuador,2021-04-20,17.0,814385.0,17823857.0
Ecuador,2021-04-21,591.0,868444.0,17823857.0
Ecuador,2021-04-22,1689.0,914921.0,17823857.0
Ecuador,2021-04-23,2550.0,964925.0,17823857.0
Ecuador,2021-04-24,5913.0,982882.0,17823857.0
Ecuador,2021-04-25,1448.0,990526.0,17823857.0
Ecuador,2021-04-26,608.0,1026736.0,17823857.0
Ecuador,2021-04-27,1413.0,1078158.0,17823857.0
Ecuador,2021-04-28,554.0,1124648.0,17823857.0
Ecuador,2021-04-29,2333.0,1193052.0,17823857.0
Ecuador,2021-04-30,3027.0,1249905.0,17823857.0
Ecuador,2021-05-01,1173.0,1300075.0,17823857.0
Ecuador,2021-05-02,2727.0,1339627.0,17823857.0
Ecuador,2021-05-03,2710.0,1386261.0,17823857.0
Ecuador,2021-05-04,747.0,1419009.0,17823857.0
Ecuador,2021-05-05,3196.0,1461243.0,17823857.0
Ecuador,2021-05-06,1806.0,1508443.0,17823857.0
Ecuador,2021-05-07,2279.0,1548985.0,17823857.0
Ecuador,2021-05-08,1561.0,1564336.0,17823857.0
Ecuador,2021-05-09,2033.0,1569600.0,17823857.0
Ecuador,2021-05-10,1375.0,1597119.0,17823857.0
Ecuador,2021-05-11,1764.0,1622752.0,17823857.0
Ecuador,2021-05-12,535.0,1641434.0,17823857.0
Ecuador,2021-05-13,2037.0,1664813.0,17823857.0
Ecuador,2021-05-14,1151.0,1707046.0,17823857.0
Ecuador,2021-05-15,1219.0,1725030.0,17823857.0
Ecuador,2021-05-16,2518.0,1740198.0,17823857.0
Ecuador,2021-05-17,609.0,1767464.0,17823857.0
Ecuador,2021-05-18,741.0,1786544.0,17823857.0
Ecuador,2021-05-19,596.0,1807824.0,17823857.0
Ecuador,2021-05-20,1441.0,1852555.0,17823857.0
Ecuador,2021-05-21,2348.0,1897451.0,17823857.0
Ecuador,2021-05-22,1366.0,1935689.0,17823857.0
Ecuador,2021-05-23,1219.0,2018957.0,17823857.0
Ecuador,2021-05-24,1011.0,2019883.0,17823857.0
Ecuador,2021-05-25,347.0,2025253.0,17823857.0
Ecuador,2021-05-26,969.0,2031190.0,17823857.0
Ecuador,2021-05-27,1064.0,2033340.0,17823857.0
Ecuador,2021-05-28,1098.0,2045995.0,17823857.0
Ecuador,2021-05-29,836.0,2062863.0,17823857.0
Ecuador,2021-05-30,1576.0,2076035.0,17823857.0
Ecuador,2021-05-31,1100.0,2101930.0,17823857.0
Ecuador,2021-06-01,196.0,2127085.0,17823857.0
Ecuador,2021-06-02,1653.0,2157118.0,17823857.0
Ecuador,2021-06-03,1175.0,2207972.0,17823857.0
Ecuador,2021-06-04,952.0,2264304.0,17823857.0
Ecuador,2021-06-05,922.0,2293215.0,17823857.0
Ecuador,2021-06-06,690.0,2312566.0,17823857.0
Ecuador,2021-06-07,924.0,2354049.0,17823857.0
Ecuador,2021-06-08,386.0,2396948.0,17823857.0
Ecuador,2021-06-09,246.0,2435210.0,17823857.0
Ecuador,2021-06-10,885.0,2472499.0,17823857.0
Ecuador,2021-06-11,2153.0,2513790.0,17823857.0
Ecuador,2021-06-12,1098.0,2539644.0,17823857.0
Ecuador,2021-06-13,987.0,2562513.0,17823857.0
Ecuador,2021-06-14,826.0,2601633.0,17823857.0
Ecuador,2021-06-15,205.0,2651770.0,17823857.0
Ecuador,2021-06-16,235.0,2712169.0,17823857.0
Ecuador,2021-06-17,1806.0,2771694.0,17823857.0
Ecuador,2021-06-18,1161.0,2834826.0,17823857.0
Ecuador,2021-06-19,2054.0,2878004.0,17823857.0
Ecuador,2021-06-20,1191.0,2891272.0,17823857.0
Ecuador,2021-06-21,855.0,2944399.0,17823857.0
Ecuador,2021-06-22,192.0,3000143.0,17823857.0
Ecuador,2021-06-23,543.0,3057705.0,17823857.0
Ecuador,2021-06-24,1931.0,3113935.0,17823857.0
Ecuador,2021-06-25,376.0,3167620.0,17823857.0
Ecuador,2021-06-26,2751.0,3205607.0,17823857.0
Ecuador,2021-06-27,1128.0,3219417.0,17823857.0
Ecuador,2021-06-28,974.0,3267172.0,17823857.0
Ecuador,2021-06-29,1407.0,3315019.0,17823857.0
Ecuador,2021-06-30,1746.0,3369155.0,17823857.0
Ecuador,2021-07-01,1015.0,3421867.0,17823857.0
Ecuador,2021-07-02,1034.0,3481980.0,17823857.0
Ecuador,2021-07-03,1619.0,3544647.0,17823857.0
Ecuador,2021-07-04,985.0,3583704.0,17823857.0
Ecuador,2021-07-05,0.0,3695238.0,17823857.0
Ecuador,2021-07-06,507.0,3834564.0,17823857.0
Ecuador,2021-07-07,1302.0,3997643.0,17823857.0
Ecuador,2021-07-08,1078.0,4191204.0,17823857.0
Ecuador,2021-07-09,849.0,4424085.0,17823857.0
Ecuador,2021-07-10,0.0,4657329.0,17823857.0
Ecuador,2021-07-11,2098.0,4834608.0,17823857.0
Ecuador,2021-07-12,370.0,5088128.0,17823857.0
Ecuador,2021-07-13,68.0,5409502.0,17823857.0
Ecuador,2021-07-14,2468.0,5780354.0,17823857.0
Ecuador,2021-07-15,875.0,6185969.0,17823857.0
Ecuador,2021-07-16,965.0,6569164.0,17823857.0
Ecuador,2021-07-17,925.0,6858675.0,17823857.0
Ecuador,2021-07-18,1568.0,7098633.0,17823857.0
Ecuador,2021-07-19,850.0,7400080.0,17823857.0
Ecuador,2021-07-20,247.0,7693781.0,17823857.0
Ecuador,2021-07-21,1634.0,7954844.0,17823857.0
Ecuador,2021-07-22,669.0,8186138.0,17823857.0
Ecuador,2021-07-23,1169.0,8408870.0,17823857.0
Ecuador,2021-07-24,936.0,8585908.0,17823857.0
Ecuador,2021-07-25,0.0,8714585.0,17823857.0
Ecuador,2021-07-26,0.0,8854376.0,17823857.0
Ecuador,2021-07-27,2227.0,9058601.0,17823857.0
Ecuador,2021-07-28,786.0,9285899.0,17823857.0
Ecuador,2021-07-29,0.0,9543339.0,17823857.0
Ecuador,2021-07-30,1940.0,9812429.0,17823857.0
Ecuador,2021-07-31,871.0,10013732.0,17823857.0
Ecuador,2021-08-01,828.0,10130519.0,17823857.0
Ecuador,2021-08-02,226.0,10225907.0,17823857.0
Ecuador,2021-08-03,104.0,10317605.0,17823857.0
Ecuador,2021-08-04,1387.0,10396699.0,17823857.0
Ecuador,2021-08-05,408.0,10463859.0,17823857.0
Ecuador,2021-08-06,1039.0,10516985.0,17823857.0
Ecuador,2021-08-07,649.0,10563220.0,17823857.0
Ecuador,2021-08-08,646.0,10605030.0,17823857.0
Ecuador,2021-08-09,353.0,10605501.0,17823857.0
Ecuador,2021-08-10,81.0,10608516.0,17823857.0
Ecuador,2021-08-11,98.0,10610994.0,17823857.0
Ecuador,2021-08-12,785.0,10612935.0,17823857.0
Ecuador,2021-08-13,619.0,10615611.0,17823857.0
Ecuador,2021-08-14,581.0,10616571.0,17823857.0
Ecuador,2021-08-15,471.0,10617261.0,17823857.0
Ecuador,2021-08-16,196.0,10619135.0,17823857.0
Ecuador,2021-08-17,100.0,10624503.0,17823857.0
Ecuador,2021-08-18,630.0,10632145.0,17823857.0
Ecuador,2021-08-19,897.0,10639941.0,17823857.0
Ecuador,2021-08-20,438.0,10646425.0,17823857.0
Ecuador,2021-08-21,815.0,10653892.0,17823857.0
Ecuador,2021-08-22,719.0,10659805.0,17823857.0
Ecuador,2021-08-23,64.0,10670150.0,17823857.0
Ecuador,2021-08-24,50.0,10687641.0,17823857.0
Ecuador,2021-08-25,468.0,10706903.0,17823857.0
Ecuador,2021-08-26,435.0,10726520.0,17823857.0
Ecuador,2021-08-27,453.0,10746271.0,17823857.0
Ecuador,2021-08-28,360.0,10760514.0,17823857.0
Ecuador,2021-08-29,605.0,10772784.0,17823857.0
Ecuador,2021-08-30,91.0,10794687.0,17823857.0
Ecuador,2021-08-31,61.0,10817074.0,17823857.0
Ecuador,2021-09-08,51.0,10822280.0,17823857.0
Ecuador,2021-09-09,374.0,10838560.0,17823857.0
Ecuador,2021-09-10,0.0,10855329.0,17823857.0
Ecuador,2021-09-11,0.0,10858515.0,17823857.0
Ecuador,2021-09-12,818.0,10860128.0,17823857.0
Ecuador,2021-09-13,187.0,10893166.0,17823857.0
Ecuador,2021-09-14,16.0,10935808.0,17823857.0
Ecuador,2021-09-15,17.0,10987141.0,17823857.0
Ecuador,2021-09-20,435.0,10999841.0,17823857.0
Ecuador,2021-09-21,29.0,11047509.0,17823857.0
Ecuador,2021-09-22,17.0,11050419.0,17823857.0
Ecuador,2021-09-23,411.0,11077714.0,17823857.0
Ecuador,2021-09-24,157.0,11103923.0,17823857.0
Ecuador,2021-09-25,270.0,11107266.0,17823857.0
Ecuador,2021-09-26,214.0,11108116.0,17823857.0
Ecuador,2021-09-27,431.0,11146137.0,17823857.0
Ecuador,2021-09-28,152.0,11244528.0,17823857.0
Ecuador,2021-09-29,70.0,11303434.0,17823857.0
Ecuador,2021-09-30,513.0,11350433.0,17823857.0
Ecuador,2021-10-01,375.0,11418793.0,17823857.0
Ecuador,2021-10-02,564.0,11422887.0,17823857.0
Ecuador,2021-10-03,442.0,11424056.0,17823857.0
Ecuador,2021-10-04,306.0,11453882.0,17823857.0
Ecuador,2021-10-05,29.0,11489289.0,17823857.0
Ecuador,2021-10-06,0.0,11527736.0,17823857.0
Ecuador,2021-10-07,363.0,11563516.0,17823857.0
Ecuador,2021-10-08,229.0,11566614.0,17823857.0
Ecuador,2021-10-09,153.0,11567189.0,17823857.0
Ecuador,2021-10-10,199.0,11567583.0,17823857.0
Ecuador,2021-10-11,71.0,11598188.0,17823857.0
Ecuador,2021-10-12,75.0,11635235.0,17823857.0
Ecuador,2021-10-13,27.0,11671714.0,17823857.0
Ecuador,2021-10-14,631.0,11708111.0,17823857.0
Ecuador,2021-10-15,324.0,11742466.0,17823857.0
Ecuador,2021-10-16,126.0,11748955.0,17823857.0
Ecuador,2021-10-17,150.0,11752748.0,17823857.0
Ecuador,2021-10-18,255.0,11774844.0,17823857.0
Ecuador,2021-10-19,119.0,11800967.0,17823857.0
Ecuador,2021-10-20,55.0,11967286.0,17823857.0
Ecuador,2021-10-21,356.0,12078296.0,17823857.0
Ecuador,2021-10-22,569.0,12176500.0,17823857.0
Ecuador,2021-10-23,386.0,12186611.0,17823857.0
Ecuador,2021-10-24,269.0,12190340.0,17823857.0
Ecuador,2021-10-25,295.0,12274051.0,17823857.0
Ecuador,2021-10-26,26.0,12365104.0,17823857.0
Ecuador,2021-10-27,27.0,12456155.0,17823857.0
Ecuador,2021-10-28,200.0,12548312.0,17823857.0
Ecuador,2021-10-29,308.0,12626054.0,17823857.0
Ecuador,2021-10-30,263.0,12629356.0,17823857.0
Ecuador,2021-10-31,501.0,12630462.0,17823857.0
Ecuador,2021-11-01,271.0,12631625.0,17823857.0
Ecuador,2021-11-02,60.0,12632888.0,17823857.0
Ecuador,2021-11-03,913.0,12634513.0,17823857.0
Ecuador,2021-11-04,48.0,12686924.0,17823857.0
Ecuador,2021-11-05,51.0,12750851.0,17823857.0
Ecuador,2021-11-06,585.0,12755174.0,17823857.0
Ecuador,2021-11-07,116.0,12756571.0,17823857.0
Ecuador,2021-11-08,411.0,12810560.0,17823857.0
Ecuador,2021-11-09,96.0,12867716.0,17823857.0
Ecuador,2021-11-10,78.0,12925941.0,17823857.0
Ecuador,2021-11-11,0.0,12979386.0,17823857.0
Ecuador,2021-11-12,0.0,13029056.0,17823857.0
Ecuador,2021-11-13,0.0,13055729.0,17823857.0
Ecuador,2021-11-14,1719.0,13069423.0,17823857.0
Ecuador,2021-11-15,419.0,13120241.0,17823857.0
Ecuador,2021-11-16,94.0,13178694.0,17823857.0
Ecuador,2021-11-17,600.0,13234483.0,17823857.0
Ecuador,2021-11-18,0.0,13281796.0,17823857.0
Ecuador,2021-11-19,391.0,13336322.0,17823857.0
Ecuador,2021-11-20,572.0,13363543.0,17823857.0
Ecuador,2021-11-21,492.0,13381327.0,17823857.0
Ecuador,2021-11-22,364.0,13477197.0,17823857.0
Ecuador,2021-11-23,142.0,13528290.0,17823857.0
Ecuador,2021-11-24,79.0,13580391.0,17823857.0
Ecuador,2021-11-25,453.0,13632600.0,17823857.0
Ecuador,2021-11-26,513.0,13676032.0,17823857.0
Ecuador,2021-11-27,432.0,13692546.0,17823857.0
Ecuador,2021-11-28,307.0,13700908.0,17823857.0
Ecuador,2021-11-29,478.0,13733215.0,17823857.0
Ecuador,2021-11-30,185.0,13766680.0,17823857.0
Ecuador,2021-12-01,70.0,13796237.0,17823857.0
Ecuador,2021-12-02,463.0,13828785.0,17823857.0
Ecuador,2021-12-03,355.0,13852920.0,17823857.0
Ecuador,2021-12-04,413.0,13860258.0,17823857.0
Ecuador,2021-12-05,489.0,13864158.0,17823857.0
Ecuador,2021-12-06,584.0,13882102.0,17823857.0
Ecuador,2021-12-07,175.0,13899501.0,17823857.0
Ecuador,2021-12-08,107.0,13915757.0,17823857.0
Ecuador,2021-12-09,0.0,13936959.0,17823857.0
Ecuador,2021-12-10,670.0,13960603.0,17823857.0
Ecuador,2021-12-11,1681.0,13972603.0,17823857.0
Ecuador,2021-12-12,623.0,13979769.0,17823857.0
Ecuador,2021-12-13,760.0,13997698.0,17823857.0
Ecuador,2021-12-14,267.0,14016690.0,17823857.0
Ecuador,2021-12-15,131.0,14047121.0,17823857.0
Ecuador,2021-12-16,588.0,14067604.0,17823857.0
Ecuador,2021-12-17,581.0,14083207.0,17823857.0
Ecuador,2021-12-18,657.0,14089507.0,17823857.0
Ecuador,2021-12-19,715.0,14094180.0,17823857.0
Ecuador,2021-12-20,647.0,14107002.0,17823857.0
Ecuador,2021-12-21,256.0,14121500.0,17823857.0
Ecuador,2021-12-22,188.0,14134491.0,17823857.0
Ecuador,2021-12-23,998.0,14146248.0,17823857.0
Ecuador,2021-12-24,819.0,14147785.0,17823857.0
Ecuador,2021-12-25,1085.0,14150180.0,17823857.0
Ecuador,2021-12-26,1246.0,14151518.0,17823857.0
Ecuador,2021-12-27,714.0,14167323.0,17823857.0
Ecuador,2021-12-28,259.0,14188494.0,17823857.0
Ecuador,2021-12-29,619.0,14208815.0,17823857.0
Ecuador,2021-12-30,1143.0,14223216.0,17823857.0
Ecuador,2021-12-31,1697.0,14224604.0,17823857.0
Ecuador,2022-01-01,1386.0,14224890.0,17823857.0
Ecuador,2022-01-02,2232.0,14226074.0,17823857.0
Ecuador,2022-01-03,2202.0,14242950.0,17823857.0
Ecuador,2022-01-04,704.0,14263124.0,17823857.0
Ecuador,2022-01-05,877.0,14285514.0,17823857.0
Ecuador,2022-01-06,1235.0,14308445.0,17823857.0
Ecuador,2022-01-07,2837.0,14329119.0,17823857.0
Ecuador,2022-01-08,2677.0,14336367.0,17823857.0
Ecuador,2022-01-09,1335.0,14343201.0,17823857.0
Ecuador,2022-01-10,2953.0,14371961.0,17823857.0
Ecuador,2022-01-11,3094.0,14402651.0,17823857.0
Ecuador,2022-01-12,1852.0,14434196.0,17823857.0
Ecuador,2022-01-13,9341.0,14460922.0,17823857.0
Ecuador,2022-01-14,10346.0,14485362.0,17823857.0
Ecuador,2022-01-15,4793.0,14493488.0,17823857.0
Ecuador,2022-01-16,9278.0,14500445.0,17823857.0
Ecuador,2022-01-17,11090.0,14525746.0,17823857.0
Ecuador,2022-01-18,11027.0,14544501.0,17823857.0
Ecuador,2022-01-19,4448.0,14560322.0,17823857.0
Ecuador,2022-01-20,9628.0,14574653.0,17823857.0
Ecuador,2022-01-21,10422.0,14587541.0,17823857.0
Ecuador,2022-01-22,8488.0,14591532.0,17823857.0
Ecuador,2022-01-23,6619.0,14593920.0,17823857.0
Ecuador,2022-01-24,10299.0,14605522.0,17823857.0
Ecuador,2022-01-25,6419.0,14615853.0,17823857.0
Ecuador,2022-01-26,2686.0,14625618.0,17823857.0
Ecuador,2022-01-27,7830.0,14634169.0,17823857.0
Ecuador,2022-01-28,5711.0,14641333.0,17823857.0
Ecuador,2022-01-29,9615.0,14643923.0,17823857.0
Ecuador,2022-01-30,9861.0,14645580.0,17823857.0
Ecuador,2022-01-31,8851.0,14653284.0,17823857.0
Ecuador,2022-02-01,3824.0,14660555.0,17823857.0
Ecuador,2022-02-02,2278.0,14667297.0,17823857.0
Ecuador,2022-02-03,7259.0,14673662.0,17823857.0
Ecuador,2022-02-04,6522.0,14679916.0,17823857.0
Ecuador,2022-02-05,6816.0,14682053.0,17823857.0
Ecuador,2022-02-06,8686.0,14683837.0,17823857.0
Ecuador,2022-02-07,5077.0,14690764.0,17823857.0
Ecuador,2022-02-08,2751.0,14697376.0,17823857.0
Ecuador,2022-02-09,2416.0,14703599.0,17823857.0
Ecuador,2022-02-10,6034.0,14709000.0,17823857.0
Ecuador,2022-02-11,3871.0,14713898.0,17823857.0
Ecuador,2022-02-12,7418.0,14715524.0,17823857.0
Ecuador,2022-02-13,4932.0,14716622.0,17823857.0
Ecuador,2022-02-14,3410.0,14720847.0,17823857.0
Ecuador,2022-02-15,1910.0,14725195.0,17823857.0
Ecuador,2022-02-16,1180.0,14729705.0,17823857.0
Ecuador,2022-02-17,4028.0,14733827.0,17823857.0
Ecuador,2022-02-18,4577.0,14737783.0,17823857.0
Ecuador,2022-02-19,3849.0,14739221.0,17823857.0
Ecuador,2022-02-20,2798.0,14740119.0,17823857.0
Ecuador,2022-02-21,3189.0,14745864.0,17823857.0
Ecuador,2022-02-22,1125.0,14753523.0,17823857.0
Ecuador,2022-02-23,655.0,14761254.0,17823857.0
Ecuador,2022-02-24,2701.0,14768005.0,17823857.0
Ecuador,2022-02-25,1944.0,14772986.0,17823857.0
Ecuador,2022-02-26,2574.0,14773737.0,17823857.0
Ecuador,2022-02-27,2052.0,14774084.0,17823857.0
Ecuador,2022-02-28,2000.0,14774659.0,17823857.0
Ecuador,2022-03-01,595.0,14774852.0,17823857.0
Ecuador,2022-03-02,388.0,14778122.0,17823857.0
Ecuador,2022-03-03,496.0,14782089.0,17823857.0
Ecuador,2022-03-04,569.0,14786115.0,17823857.0
Ecuador,2022-03-05,2356.0,14787129.0,17823857.0
Ecuador,2022-03-06,2304.0,14787910.0,17823857.0
Ecuador,2022-03-07,2180.0,14791669.0,17823857.0
Ecuador,2022-03-08,875.0,14795402.0,17823857.0
Ecuador,2022-03-09,388.0,14798926.0,17823857.0
Ecuador,2022-03-10,1797.0,14806118.0,17823857.0
Ecuador,2022-03-11,1837.0,14809167.0,17823857.0
Ecuador,2022-03-12,1451.0,14810181.0,17823857.0
Ecuador,2022-03-13,1422.0,14810687.0,17823857.0
Ecuador,2022-03-14,713.0,14813590.0,17823857.0
Ecuador,2022-03-15,203.0,14816661.0,17823857.0
Ecuador,2022-03-16,313.0,14819542.0,17823857.0
Ecuador,2022-03-17,1066.0,14822468.0,17823857.0
Ecuador,2022-03-18,1418.0,14825147.0,17823857.0
Ecuador,2022-03-19,707.0,14825781.0,17823857.0
Ecuador,2022-03-20,521.0,14826497.0,17823857.0
Ecuador,2022-03-21,439.0,14828646.0,17823857.0
Ecuador,2022-03-22,165.0,14829339.0,17823857.0
Ecuador,2022-03-23,237.0,14831598.0,17823857.0
Ecuador,2022-03-24,596.0,14833724.0,17823857.0
Ecuador,2022-03-25,466.0,14835664.0,17823857.0
Ecuador,2022-03-26,1115.0,14836133.0,17823857.0
Ecuador,2022-03-27,870.0,14836406.0,17823857.0
Ecuador,2022-03-28,1376.0,14838375.0,17823857.0
Ecuador,2022-03-29,245.0,14840346.0,17823857.0
Ecuador,2022-03-30,287.0,14844186.0,17823857.0
Ecuador,2022-03-31,683.0,14846129.0,17823857.0
Ecuador,2022-04-04,386.0,15056294.0,17823857.0
Ecuador,2022-04-05,182.0,15059937.0,17823857.0
Ecuador,2022-04-06,30.0,15063303.0,17823857.0
Ecuador,2022-04-07,519.0,15066463.0,17823857.0
Ecuador,2022-04-08,528.0,15069664.0,17823857.0
Ecuador,2022-04-09,286.0,15070420.0,17823857.0
Ecuador,2022-04-10,393.0,15070782.0,17823857.0
Ecuador,2022-04-11,1110.0,15073398.0,17823857.0
Ecuador,2022-04-12,76.0,15076692.0,17823857.0
Ecuador,2022-04-13,155.0,15080065.0,17823857.0
Ecuador,2022-04-14,167.0,15082956.0,17823857.0
Ecuador,2022-04-15,285.0,15083152.0,17823857.0
Ecuador,2022-04-16,344.0,15083471.0,17823857.0
Ecuador,2022-04-17,506.0,15083709.0,17823857.0
Ecuador,2022-04-18,67.0,15087020.0,17823857.0
Ecuador,2022-04-19,97.0,15090661.0,17823857.0
Ecuador,2022-04-20,41.0,15093922.0,17823857.0
Ecuador,2022-04-21,245.0,15097427.0,17823857.0
Ecuador,2022-04-22,339.0,15100602.0,17823857.0
Ecuador,2022-04-23,208.0,15101763.0,17823857.0
Ecuador,2022-04-24,336.0,15102282.0,17823857.0
Ecuador,2022-04-25,176.0,15106900.0,17823857.0
Ecuador,2022-04-26,56.0,15111813.0,17823857.0
Ecuador,2022-04-27,42.0,15116652.0,17823857.0
Ecuador,2022-04-28,243.0,15121324.0,17823857.0
Ecuador,2022-04-29,266.0,15125704.0,17823857.0
Ecuador,2022-04-30,288.0,15126559.0,17823857.0
Ecuador,2022-05-01,325.0,15126813.0,17823857.0
Ecuador,2022-05-02,247.0,15127020.0,17823857.0
Ecuador,2022-05-03,0.0,15130252.0,17823857.0
Ecuador,2022-05-04,207.0,15134584.0,17823857.0
Ecuador,2022-05-05,53.0,15137769.0,17823857.0
Ecuador,2022-05-06,282.0,15140765.0,17823857.0
Ecuador,2022-05-07,288.0,15141295.0,17823857.0
Ecuador,2022-05-08,263.0,15141470.0,17823857.0
Ecuador,2022-05-09,164.0,15143061.0,17823857.0
Ecuador,2022-05-10,76.0,15144779.0,17823857.0
Ecuador,2022-05-11,17.0,15146886.0,17823857.0
Ecuador,2022-05-12,0.0,15148378.0,17823857.0
Ecuador,2022-05-13,246.0,15150228.0,17823857.0
Ecuador,2022-05-14,327.0,15150598.0,17823857.0
Ecuador,2022-05-15,380.0,15150781.0,17823857.0
Ecuador,2022-05-16,269.0,15152679.0,17823857.0
Ecuador,2022-05-17,197.0,15154025.0,17823857.0
Ecuador,2022-05-18,44.0,15155372.0,17823857.0
Ecuador,2022-05-19,33.0,15156780.0,17823857.0
Ecuador,2022-05-20,294.0,15158250.0,17823857.0
Ecuador,2022-05-21,240.0,15158545.0,17823857.0
Ecuador,2022-05-22,533.0,15158663.0,17823857.0
Ecuador,2022-05-23,478.0,15158781.0,17823857.0
Ecuador,2022-05-24,512.0,15160271.0,17823857.0
Ecuador,2022-05-25,120.0,15161446.0,17823857.0
Ecuador,2022-05-26,31.0,15162815.0,17823857.0
Ecuador,2022-05-27,83.0,15164266.0,17823857.0
Ecuador,2022-05-28,580.0,15164582.0,17823857.0
Ecuador,2022-05-29,596.0,15164739.0,17823857.0
Ecuador,2022-05-30,656.0,15165909.0,17823857.0
Ecuador,2022-05-31,468.0,15166918.0,17823857.0
Ecuador,2022-06-01,149.0,15167714.0,17823857.0
Ecuador,2022-06-02,99.0,15168697.0,17823857.0
Ecuador,2022-06-03,815.0,15169802.0,17823857.0
Ecuador,2022-06-04,4371.0,15170094.0,17823857.0
Ecuador,2022-06-05,657.0,15170314.0,17823857.0
Ecuador,2022-06-06,1055.0,15171383.0,17823857.0
Ecuador,2022-06-07,833.0,15172356.0,17823857.0
Ecuador,2022-06-08,206.0,15173533.0,17823857.0
Ecuador,2022-06-09,85.0,15174538.0,17823857.0
Ecuador,2022-06-10,820.0,15175828.0,17823857.0
Ecuador,2022-06-11,1255.0,15176097.0,17823857.0
Ecuador,2022-06-12,970.0,15176263.0,17823857.0
Ecuador,2022-06-13,1067.0,15177316.0,17823857.0
Ecuador,2022-06-14,1026.0,15178727.0,17823857.0
Ecuador,2022-06-15,311.0,15179969.0,17823857.0
Ecuador,2022-06-16,0.0,15181060.0,17823857.0
Ecuador,2022-06-17,1324.0,15182093.0,17823857.0
Ecuador,2022-06-18,1520.0,15182240.0,17823857.0
Ecuador,2022-06-19,1362.0,15182320.0,17823857.0
Ecuador,2022-06-20,1425.0,15183255.0,17823857.0
Ecuador,2022-06-21,1410.0,15184256.0,17823857.0
Ecuador,2022-06-23,198.0,15186219.0,17823857.0
Ecuador,2022-06-24,1531.0,15186980.0,17823857.0
Ecuador,2022-06-25,1541.0,15187116.0,17823857.0
Ecuador,2022-06-26,1323.0,15187191.0,17823857.0
Ecuador,2022-06-27,1582.0,15188060.0,17823857.0
Ecuador,2022-06-28,1177.0,15189092.0,17823857.0
Ecuador,2022-06-29,600.0,15190050.0,17823857.0
Ecuador,2022-06-30,319.0,15190772.0,17823857.0
Ecuador,2022-07-01,1808.0,15191519.0,17823857.0
Ecuador,2022-07-02,1334.0,15191684.0,17823857.0
Ecuador,2022-07-03,1300.0,15191733.0,17823857.0
Ecuador,2022-07-04,1239.0,15192428.0,17823857.0
Ecuador,2022-07-05,1033.0,15193311.0,17823857.0
Ecuador,2022-07-06,344.0,15194416.0,17823857.0
Ecuador,2022-07-07,141.0,15195537.0,17823857.0
Ecuador,2022-07-08,1740.0,15196858.0,17823857.0
Ecuador,2022-07-09,1214.0,15197084.0,17823857.0
Ecuador,2022-07-10,1586.0,15197225.0,17823857.0
Ecuador,2022-07-11,1737.0,15198297.0,17823857.0
Ecuador,2022-07-12,1549.0,15199450.0,17823857.0
Ecuador,2022-07-13,401.0,15200589.0,17823857.0
Ecuador,2022-07-14,232.0,15201795.0,17823857.0
Ecuador,2022-07-15,2486.0,15202906.0,17823857.0
Ecuador,2022-07-16,2816.0,15203192.0,17823857.0
Ecuador,2022-07-17,2415.0,15203296.0,17823857.0
Ecuador,2022-07-18,2291.0,15204461.0,17823857.0
Ecuador,2022-07-19,2805.0,15205600.0,17823857.0
Ecuador,2022-07-20,610.0,15206932.0,17823857.0
Ecuador,2022-07-21,406.0,15208238.0,17823857.0
Ecuador,2022-07-22,3952.0,15209515.0,17823857.0
Ecuador,2022-07-23,3105.0,15209799.0,17823857.0
Ecuador,2022-07-24,3203.0,15209929.0,17823857.0
Ecuador,2022-07-25,3127.0,15210904.0,17823857.0
Ecuador,2022-07-26,4231.0,15212010.0,17823857.0
Ecuador,2022-07-27,999.0,15213426.0,17823857.0
Ecuador,2022-07-28,739.0,15214844.0,17823857.0
Ecuador,2022-07-29,2492.0,15216218.0,17823857.0
Ecuador,2022-07-30,3270.0,15216542.0,17823857.0
Ecuador,2022-07-31,2323.0,15216673.0,17823857.0
Ecuador,2022-08-01,3934.0,15218422.0,17823857.0
Ecuador,2022-08-02,3843.0,15219781.0,17823857.0
Ecuador,2022-08-03,1387.0,15221396.0,17823857.0
Ecuador,2022-08-04,1038.0,15222920.0,17823857.0
Ecuador,2022-08-05,1364.0,15224170.0,17823857.0
Ecuador,2022-08-06,3228.0,15224476.0,17823857.0
Ecuador,2022-08-07,840.0,15224602.0,17823857.0
Ecuador,2022-08-08,792.0,15225850.0,17823857.0
Ecuador,2022-08-09,620.0,15227058.0,17823857.0
Ecuador,2022-08-10,153.0,15228197.0,17823857.0
Ecuador,2022-08-11,175.0,15229338.0,17823857.0
Ecuador,2022-08-12,821.0,15229567.0,17823857.0
Ecuador,2022-08-13,583.0,15229734.0,17823857.0
Ecuador,2022-08-14,480.0,15229853.0,17823857.0
Ecuador,2022-08-15,454.0,15231042.0,17823857.0
Ecuador,2022-08-16,100.0,15232119.0,17823857.0
Ecuador,2022-08-17,61.0,15233405.0,17823857.0
Ecuador,2022-08-18,74.0,15234634.0,17823857.0
Ecuador,2022-08-19,2554.0,15235695.0,17823857.0
Ecuador,2022-08-20,333.0,15235989.0,17823857.0
Ecuador,2022-08-21,1068.0,15236108.0,17823857.0
Ecuador,2022-08-22,1013.0,15237333.0,17823857.0
Ecuador,2022-11-18,0.0,15293861.0,17823857.0
Ecuador,2022-12-02,0.0,15303829.0,17823857.0
Ecuador,2022-12-07,0.0,15307203.0,17823857.0
Ecuador,2022-12-09,0.0,15308130.0,17823857.0
Ecuador,2022-12-15,0.0,15312264.0,17823857.0
Ecuador,2022-12-16,0.0,15313094.0,17823857.0
Ecuador,2022-12-22,0.0,15315909.0,17823857.0
Ecuador,2023-01-03,0.0,15317477.0,17823857.0
Ecuador,2023-01-06,0.0,15318049.0,17823857.0
Ecuador,2023-01-12,0.0,15319873.0,17823857.0
Ecuador,2023-01-13,0.0,15320218.0,17823857.0
Ecuador,2023-01-20,0.0,15322262.0,17823857.0
Ecuador,2023-01-27,0.0,15324257.0,17823857.0
Ecuador,2023-02-03,0.0,15325894.0,17823857.0
Ecuador,2023-02-10,0.0,15327060.0,17823857.0
Ecuador,2023-02-17,0.0,15328419.0,17823857.0
Ecuador,2023-02-24,0.0,15329151.0,17823857.0
Ecuador,2023-03-03,0.0,15330893.0,17823857.0
Ecuador,2023-03-10,0.0,15331441.0,17823857.0
Ecuador,2023-03-17,0.0,15333174.0,17823857.0
Ecuador,2023-03-31,0.0,15333873.0,17823857.0
Ecuador,2023-12-29,0.0,15345791.0,17823857.0
Peru,2021-02-09,6220.0,3858.0,33475381.0
Peru,2021-02-10,4523.0,20469.0,33475381.0
Peru,2021-02-11,5557.0,54595.0,33475381.0
Peru,2021-02-12,6724.0,86971.0,33475381.0
Peru,2021-02-13,8807.0,105844.0,33475381.0
Peru,2021-02-14,8439.0,111145.0,33475381.0
Peru,2021-02-15,6457.0,122642.0,33475381.0
Peru,2021-02-16,8093.0,130175.0,33475381.0
Peru,2021-02-17,3203.0,134134.0,33475381.0
Peru,2021-02-18,6228.0,141540.0,33475381.0
Peru,2021-02-19,7408.0,172079.0,33475381.0
Peru,2021-02-20,9667.0,198209.0,33475381.0
Peru,2021-02-21,7719.0,202772.0,33475381.0
Peru,2021-02-22,6376.0,233273.0,33475381.0
Peru,2021-02-23,7410.0,260660.0,33475381.0
Peru,2021-02-24,3448.0,283568.0,33475381.0
Peru,2021-02-25,6740.0,299454.0,33475381.0
Peru,2021-02-26,7302.0,315374.0,33475381.0
Peru,2021-02-27,7923.0,322177.0,33475381.0
Peru,2021-02-28,7641.0,323177.0,33475381.0
Peru,2021-03-01,7500.0,332480.0,33475381.0
Peru,2021-03-02,5942.0,339623.0,33475381.0
Peru,2021-03-03,3134.0,346018.0,33475381.0
Peru,2021-03-04,5358.0,349805.0,33475381.0
Peru,2021-03-05,6672.0,354472.0,33475381.0
Peru,2021-03-06,4878.0,357511.0,33475381.0
Peru,2021-03-07,8447.0,357654.0,33475381.0
Peru,2021-03-08,6670.0,375987.0,33475381.0
Peru,2021-03-09,6212.0,395603.0,33475381.0
Peru,2021-03-10,3291.0,408582.0,33475381.0
Peru,2021-03-11,5556.0,417162.0,33475381.0
Peru,2021-03-12,7434.0,425955.0,33475381.0
Peru,2021-03-13,7114.0,432175.0,33475381.0
Peru,2021-03-14,8039.0,432901.0,33475381.0
Peru,2021-03-15,5353.0,451069.0,33475381.0
Peru,2021-03-16,4443.0,473737.0,33475381.0
Peru,2021-03-17,6568.0,496151.0,33475381.0
Peru,2021-03-18,8630.0,522370.0,33475381.0
Peru,2021-03-19,7994.0,548048.0,33475381.0
Peru,2021-03-20,7923.0,566226.0,33475381.0
Peru,2021-03-21,8124.0,566914.0,33475381.0
Peru,2021-03-22,9134.0,575618.0,33475381.0
Peru,2021-03-23,5547.0,591268.0,33475381.0
Peru,2021-03-24,6464.0,605944.0,33475381.0
Peru,2021-03-25,8469.0,618911.0,33475381.0
Peru,2021-03-26,11260.0,635544.0,33475381.0
Peru,2021-03-27,7946.0,646845.0,33475381.0
Peru,2021-03-28,11919.0,648945.0,33475381.0
Peru,2021-03-29,8589.0,653866.0,33475381.0
Peru,2021-03-30,8909.0,658529.0,33475381.0
Peru,2021-03-31,3239.0,666203.0,33475381.0
Peru,2021-04-01,6956.0,668688.0,33475381.0
Peru,2021-04-02,8730.0,669854.0,33475381.0
Peru,2021-04-03,12916.0,672560.0,33475381.0
Peru,2021-04-04,6622.0,672848.0,33475381.0
Peru,2021-04-05,5616.0,679069.0,33475381.0
Peru,2021-04-06,8406.0,690864.0,33475381.0
Peru,2021-04-07,7842.0,704758.0,33475381.0
Peru,2021-04-08,8384.0,721738.0,33475381.0
Peru,2021-04-09,9305.0,738375.0,33475381.0
Peru,2021-04-10,9966.0,742578.0,33475381.0
Peru,2021-04-11,10655.0,742613.0,33475381.0
Peru,2021-04-12,11248.0,743526.0,33475381.0
Peru,2021-04-13,7927.0,745419.0,33475381.0
Peru,2021-04-14,5626.0,748156.0,33475381.0
Peru,2021-04-15,6387.0,750015.0,33475381.0
Peru,2021-04-16,8030.0,769726.0,33475381.0
Peru,2021-04-17,13326.0,799370.0,33475381.0
Peru,2021-04-18,7988.0,827299.0,33475381.0
Peru,2021-04-19,8575.0,834266.0,33475381.0
Peru,2021-04-20,7131.0,845537.0,33475381.0
Peru,2021-04-21,3030.0,855404.0,33475381.0
Peru,2021-04-22,11301.0,863635.0,33475381.0
Peru,2021-04-23,7718.0,890051.0,33475381.0
Peru,2021-04-24,7800.0,917740.0,33475381.0
Peru,2021-04-25,11049.0,933300.0,33475381.0
Peru,2021-04-26,8495.0,948666.0,33475381.0
Peru,2021-04-27,7425.0,968379.0,33475381.0
Peru,2021-04-28,6611.0,1007919.0,33475381.0
Peru,2021-04-29,6876.0,1052666.0,33475381.0
Peru,2021-04-30,8277.0,1133944.0,33475381.0
Peru,2021-05-01,8659.0,1197115.0,33475381.0
Peru,2021-05-02,7447.0,1245139.0,33475381.0
Peru,2021-05-03,5470.0,1304538.0,33475381.0
Peru,2021-05-04,6083.0,1327420.0,33475381.0
Peru,2021-05-05,3129.0,1347953.0,33475381.0
Peru,2021-05-06,4562.0,1387206.0,33475381.0
Peru,2021-05-07,5768.0,1420739.0,33475381.0
Peru,2021-05-08,8214.0,1481925.0,33475381.0
Peru,2021-05-09,6794.0,1515319.0,33475381.0
Peru,2021-05-10,5591.0,1562876.0,33475381.0
Peru,2021-05-11,5234.0,1605661.0,33475381.0
Peru,2021-05-12,3080.0,1663381.0,33475381.0
Peru,2021-05-13,4869.0,1736829.0,33475381.0
Peru,2021-05-14,7400.0,1824853.0,33475381.0
Peru,2021-05-15,7677.0,1877879.0,33475381.0
Peru,2021-05-16,5733.0,1901593.0,33475381.0
Peru,2021-05-17,5547.0,1952755.0,33475381.0
Peru,2021-05-18,4456.0,2012374.0,33475381.0
Peru,2021-05-19,4282.0,2072715.0,33475381.0
Peru,2021-05-20,4566.0,2142998.0,33475381.0
Peru,2021-05-21,5715.0,2252096.0,33475381.0
Peru,2021-05-22,6745.0,2331872.0,33475381.0
Peru,2021-05-23,5206.0,2377750.0,33475381.0
Peru,2021-05-24,5285.0,2447074.0,33475381.0
Peru,2021-05-25,4438.0,2524925.0,33475381.0
Peru,2021-05-26,1634.0,2608285.0,33475381.0
Peru,2021-05-27,5332.0,2698697.0,33475381.0
Peru,2021-05-28,4990.0,2823410.0,33475381.0
Peru,2021-05-29,4809.0,2898843.0,33475381.0
Peru,2021-05-30,5501.0,2932584.0,33475381.0
Peru,2021-05-31,4096.0,3001808.0,33475381.0
Peru,2021-06-01,3818.0,3077730.0,33475381.0
Peru,2021-06-02,3595.0,3156130.0,33475381.0
Peru,2021-06-03,2023.0,3194888.0,33475381.0
Peru,2021-06-04,4345.0,3211111.0,33475381.0
Peru,2021-06-05,3261.0,3218735.0,33475381.0
Peru,2021-06-06,7473.0,3220641.0,33475381.0
Peru,2021-06-07,4225.0,3228638.0,33475381.0
Peru,2021-06-08,3179.0,3330266.0,33475381.0
Peru,2021-06-09,1429.0,3445449.0,33475381.0
Peru,2021-06-10,2934.0,3570236.0,33475381.0
Peru,2021-06-11,3270.0,3661093.0,33475381.0
Peru,2021-06-12,4054.0,3736654.0,33475381.0
Peru,2021-06-13,2799.0,3773895.0,33475381.0
Peru,2021-06-14,3003.0,3810337.0,33475381.0
Peru,2021-06-15,2566.0,3852541.0,33475381.0
Peru,2021-06-16,627.0,3890768.0,33475381.0
Peru,2021-06-17,3225.0,3931467.0,33475381.0
Peru,2021-06-18,7713.0,3967242.0,33475381.0
Peru,2021-06-19,4526.0,3989925.0,33475381.0
Peru,2021-06-20,3463.0,3996184.0,33475381.0
Peru,2021-06-21,3550.0,4040542.0,33475381.0
Peru,2021-06-22,2896.0,4087619.0,33475381.0
Peru,2021-06-23,986.0,4128958.0,33475381.0
Peru,2021-06-24,2995.0,4173249.0,33475381.0
Peru,2021-06-25,2843.0,4266100.0,33475381.0
Peru,2021-06-26,3737.0,4335732.0,33475381.0
Peru,2021-06-27,3076.0,4383164.0,33475381.0
Peru,2021-06-28,2795.0,4425777.0,33475381.0
Peru,2021-06-29,2058.0,4457041.0,33475381.0
Peru,2021-06-30,1452.0,4541178.0,33475381.0
Peru,2021-07-01,2498.0,4641755.0,33475381.0
Peru,2021-07-02,2410.0,4758643.0,33475381.0
Peru,2021-07-03,3079.0,4883679.0,33475381.0
Peru,2021-07-04,2790.0,4984224.0,33475381.0
Peru,2021-07-05,2768.0,5135877.0,33475381.0
Peru,2021-07-06,2001.0,5308743.0,33475381.0
Peru,2021-07-07,1564.0,5446672.0,33475381.0
Peru,2021-07-08,2374.0,5562560.0,33475381.0
Peru,2021-07-09,2586.0,5685819.0,33475381.0
Peru,2021-07-10,2549.0,5928003.0,33475381.0
Peru,2021-07-11,0.0,6098616.0,33475381.0
Peru,2021-07-12,4629.0,6183445.0,33475381.0
Peru,2021-07-13,1962.0,6270352.0,33475381.0
Peru,2021-07-14,780.0,6390038.0,33475381.0
Peru,2021-07-15,2010.0,6532573.0,33475381.0
Peru,2021-07-16,2316.0,6666235.0,33475381.0
Peru,2021-07-17,2260.0,6894401.0,33475381.0
Peru,2021-07-18,2032.0,7026399.0,33475381.0
Peru,2021-07-19,1950.0,7084164.0,33475381.0
Peru,2021-07-20,1629.0,7155931.0,33475381.0
Peru,2021-07-21,691.0,7242877.0,33475381.0
Peru,2021-07-22,1568.0,7353571.0,33475381.0
Peru,2021-07-23,1798.0,7501160.0,33475381.0
Peru,2021-07-24,1711.0,7777864.0,33475381.0
Peru,2021-07-25,1617.0,7985037.0,33475381.0
Peru,2021-07-26,1765.0,8037650.0,33475381.0
Peru,2021-07-27,1490.0,8078530.0,33475381.0
Peru,2021-07-28,611.0,8092680.0,33475381.0
Peru,2021-07-29,1366.0,8108385.0,33475381.0
Peru,2021-07-30,1502.0,8146019.0,33475381.0
Peru,2021-07-31,722.0,8205246.0,33475381.0
Peru,2021-08-01,699.0,8258348.0,33475381.0
Peru,2021-08-02,2099.0,8299505.0,33475381.0
Peru,2021-08-03,1808.0,8338003.0,33475381.0
Peru,2021-08-04,1244.0,8387492.0,33475381.0
Peru,2021-08-05,2207.0,8438741.0,33475381.0
Peru,2021-08-06,2416.0,8594709.0,33475381.0
Peru,2021-08-07,1993.0,8885551.0,33475381.0
Peru,2021-08-08,1496.0,9108119.0,33475381.0
Peru,2021-08-09,1571.0,9161833.0,33475381.0
Peru,2021-08-10,1217.0,9222834.0,33475381.0
Peru,2021-08-11,503.0,9265038.0,33475381.0
Peru,2021-08-12,1186.0,9303002.0,33475381.0
Peru,2021-08-13,1482.0,9337680.0,33475381.0
Peru,2021-08-14,1502.0,9377710.0,33475381.0
Peru,2021-08-15,1319.0,9399007.0,33475381.0
Peru,2021-08-16,1497.0,9431823.0,33475381.0
Peru,2021-08-17,978.0,9469474.0,33475381.0
Peru,2021-08-18,553.0,9504503.0,33475381.0
Peru,2021-08-19,1462.0,9547995.0,33475381.0
Peru,2021-08-20,1468.0,9630031.0,33475381.0
Peru,2021-08-21,1371.0,9816995.0,33475381.0
Peru,2021-08-22,1396.0,9969349.0,33475381.0
Peru,2021-08-23,1173.0,10004332.0,33475381.0
Peru,2021-08-24,918.0,10042264.0,33475381.0
Peru,2021-08-25,412.0,10095947.0,33475381.0
Peru,2021-08-26,1126.0,10166757.0,33475381.0
Peru,2021-08-27,1360.0,10222041.0,33475381.0
Peru,2021-08-28,1118.0,10453201.0,33475381.0
Peru,2021-08-29,1116.0,10633009.0,33475381.0
Peru,2021-08-30,1134.0,10640868.0,33475381.0
Peru,2021-08-31,808.0,10712168.0,33475381.0
Peru,2021-09-01,364.0,10797381.0,33475381.0
Peru,2021-09-02,415.0,10924986.0,33475381.0
Peru,2021-09-03,1004.0,11071543.0,33475381.0
Peru,2021-09-04,1108.0,11361837.0,33475381.0
Peru,2021-09-05,974.0,11600572.0,33475381.0
Peru,2021-09-06,1040.0,11712103.0,33475381.0
Peru,2021-09-07,902.0,11887461.0,33475381.0
Peru,2021-09-08,474.0,12187062.0,33475381.0
Peru,2021-09-09,943.0,12486850.0,33475381.0
Peru,2021-09-10,1085.0,12826422.0,33475381.0
Peru,2021-09-11,957.0,13310262.0,33475381.0
Peru,2021-09-12,813.0,13677751.0,33475381.0
Peru,2021-09-13,1021.0,13849236.0,33475381.0
Peru,2021-09-14,759.0,14110729.0,33475381.0
Peru,2021-09-15,272.0,14310793.0,33475381.0
Peru,2021-09-16,936.0,14574262.0,33475381.0
Peru,2021-09-17,1018.0,14828679.0,33475381.0
Peru,2021-09-18,1068.0,15160718.0,33475381.0
Peru,2021-09-19,1153.0,15348637.0,33475381.0
Peru,2021-09-20,886.0,15434415.0,33475381.0
Peru,2021-09-21,589.0,15553496.0,33475381.0
Peru,2021-09-22,644.0,15658761.0,33475381.0
Peru,2021-09-23,779.0,15753439.0,33475381.0
Peru,2021-09-24,996.0,15855170.0,33475381.0
Peru,2021-09-25,1048.0,16014732.0,33475381.0
Peru,2021-09-26,899.0,16139023.0,33475381.0
Peru,2021-09-27,887.0,16237083.0,33475381.0
Peru,2021-09-28,773.0,16347078.0,33475381.0
Peru,2021-09-29,320.0,16450386.0,33475381.0
Peru,2021-09-30,865.0,16546470.0,33475381.0
Peru,2021-10-01,1086.0,16637835.0,33475381.0
Peru,2021-10-02,1016.0,16815952.0,33475381.0
Peru,2021-10-03,962.0,16969336.0,33475381.0
Peru,2021-10-04,864.0,17043660.0,33475381.0
Peru,2021-10-05,792.0,17118488.0,33475381.0
Peru,2021-10-06,377.0,17194108.0,33475381.0
Peru,2021-10-07,833.0,17264776.0,33475381.0
Peru,2021-10-08,1034.0,17323142.0,33475381.0
Peru,2021-10-09,923.0,17418388.0,33475381.0
Peru,2021-10-10,919.0,17483788.0,33475381.0
Peru,2021-10-11,564.0,17547640.0,33475381.0
Peru,2021-10-12,675.0,17663688.0,33475381.0
Peru,2021-10-13,412.0,17774016.0,33475381.0
Peru,2021-10-14,679.0,17881206.0,33475381.0
Peru,2021-10-15,891.0,17992100.0,33475381.0
Peru,2021-10-16,1122.0,18169910.0,33475381.0
Peru,2021-10-17,983.0,18327152.0,33475381.0
Peru,2021-10-18,814.0,18419648.0,33475381.0
Peru,2021-10-19,844.0,18496248.0,33475381.0
Peru,2021-10-20,387.0,18554536.0,33475381.0
Peru,2021-10-21,775.0,18611924.0,33475381.0
Peru,2021-10-22,1034.0,18660840.0,33475381.0
Peru,2021-10-23,884.0,18767878.0,33475381.0
Peru,2021-10-24,1043.0,18842520.0,33475381.0
Peru,2021-10-25,969.0,18883028.0,33475381.0
Peru,2021-10-26,758.0,18921094.0,33475381.0
Peru,2021-10-27,400.0,18958812.0,33475381.0
Peru,2021-10-28,793.0,19003796.0,33475381.0
Peru,2021-10-29,986.0,19051596.0,33475381.0
Peru,2021-10-30,998.0,19260832.0,33475381.0
Peru,2021-10-31,840.0,19437564.0,33475381.0
Peru,2021-11-01,1032.0,19514276.0,33475381.0
Peru,2021-11-02,888.0,19608040.0,33475381.0
Peru,2021-11-03,393.0,19718624.0,33475381.0
Peru,2021-11-04,482.0,19890724.0,33475381.0
Peru,2021-11-05,639.0,20122080.0,33475381.0
Peru,2021-11-06,1114.0,20458248.0,33475381.0
Peru,2021-11-07,1062.0,20678922.0,33475381.0
Peru,2021-11-08,1070.0,20804464.0,33475381.0
Peru,2021-11-09,954.0,20920604.0,33475381.0
Peru,2021-11-10,380.0,21037066.0,33475381.0
Peru,2021-11-11,1001.0,21136704.0,33475381.0
Peru,2021-11-12,1238.0,21228604.0,33475381.0
Peru,2021-11-13,1237.0,21350608.0,33475381.0
Peru,2021-11-14,1148.0,21455056.0,33475381.0
Peru,2021-11-15,1034.0,21546544.0,33475381.0
Peru,2021-11-16,995.0,21659114.0,33475381.0
Peru,2021-11-17,830.0,21770912.0,33475381.0
Peru,2021-11-18,1459.0,21882236.0,33475381.0
Peru,2021-11-19,1370.0,21996548.0,33475381.0
Peru,2021-11-20,1415.0,22138472.0,33475381.0
Peru,2021-11-21,1537.0,22254304.0,33475381.0
Peru,2021-11-22,1725.0,22342008.0,33475381.0
Peru,2021-11-23,1465.0,22433304.0,33475381.0
Peru,2021-11-24,773.0,22514638.0,33475381.0
Peru,2021-11-25,1539.0,22594084.0,33475381.0
Peru,2021-11-26,1556.0,22668444.0,33475381.0
Peru,2021-11-27,1529.0,22758280.0,33475381.0
Peru,2021-11-28,1434.0,22834398.0,33475381.0
Peru,2021-11-29,1574.0,22894372.0,33475381.0
Peru,2021-11-30,1326.0,22949182.0,33475381.0
Peru,2021-12-01,895.0,23010388.0,33475381.0
Peru,2021-12-02,1381.0,23079228.0,33475381.0
Peru,2021-12-03,1491.0,23146938.0,33475381.0
Peru,2021-12-04,1579.0,23228402.0,33475381.0
Peru,2021-12-05,3225.0,23293784.0,33475381.0
Peru,2021-12-06,0.0,23353892.0,33475381.0
Peru,2021-12-07,769.0,23413304.0,33475381.0
Peru,2021-12-08,1731.0,23459646.0,33475381.0
Peru,2021-12-09,1487.0,23528160.0,33475381.0
Peru,2021-12-10,1814.0,23641312.0,33475381.0
Peru,2021-12-11,1224.0,23780564.0,33475381.0
Peru,2021-12-12,1356.0,23886028.0,33475381.0
Peru,2021-12-13,1819.0,24000470.0,33475381.0
Peru,2021-12-14,1527.0,24114052.0,33475381.0
Peru,2021-12-15,945.0,24217558.0,33475381.0
Peru,2021-12-16,1478.0,24294078.0,33475381.0
Peru,2021-12-17,1660.0,24369078.0,33475381.0
Peru,2021-12-18,1724.0,24437834.0,33475381.0
Peru,2021-12-19,1703.0,24484520.0,33475381.0
Peru,2021-12-20,1856.0,24539002.0,33475381.0
Peru,2021-12-21,1581.0,24588456.0,33475381.0
Peru,2021-12-22,885.0,24629880.0,33475381.0
Peru,2021-12-23,1510.0,24663132.0,33475381.0
Peru,2021-12-24,1782.0,24675356.0,33475381.0
Peru,2021-12-25,2052.0,24678644.0,33475381.0
Peru,2021-12-26,1336.0,24694698.0,33475381.0
Peru,2021-12-27,5922.0,24729250.0,33475381.0
Peru,2021-12-28,492.0,24765628.0,33475381.0
Peru,2021-12-29,2063.0,24799692.0,33475381.0
Peru,2021-12-30,2112.0,24829256.0,33475381.0
Peru,2021-12-31,4020.0,24839324.0,33475381.0
Peru,2022-01-01,4760.0,24850750.0,33475381.0
Peru,2022-01-02,4577.0,24864728.0,33475381.0
Peru,2022-01-03,4346.0,24895364.0,33475381.0
Peru,2022-01-04,1501.0,24924592.0,33475381.0
Peru,2022-01-05,1996.0,24956876.0,33475381.0
Peru,2022-01-06,5182.0,24987554.0,33475381.0
Peru,2022-01-07,8687.0,25016868.0,33475381.0
Peru,2022-01-08,11174.0,25043348.0,33475381.0
Peru,2022-01-09,12833.0,25060608.0,33475381.0
Peru,2022-01-10,16135.0,25089732.0,33475381.0
Peru,2022-01-11,17128.0,25114962.0,33475381.0
Peru,2022-01-12,12476.0,25139812.0,33475381.0
Peru,2022-01-13,24288.0,25163226.0,33475381.0
Peru,2022-01-14,27772.0,25185128.0,33475381.0
Peru,2022-01-15,33360.0,25203524.0,33475381.0
Peru,2022-01-16,39080.0,25214802.0,33475381.0
Peru,2022-01-17,49745.0,25235096.0,33475381.0
Peru,2022-01-18,43592.0,25251834.0,33475381.0
Peru,2022-01-19,25700.0,25268926.0,33475381.0
Peru,2022-01-20,36398.0,25284784.0,33475381.0
Peru,2022-01-21,54942.0,25299224.0,33475381.0
Peru,2022-01-22,56883.0,25312736.0,33475381.0
Peru,2022-01-23,59470.0,25323032.0,33475381.0
Peru,2022-01-24,54696.0,25377216.0,33475381.0
Peru,2022-01-25,51936.0,25434386.0,33475381.0
Peru,2022-01-26,30109.0,25508896.0,33475381.0
Peru,2022-01-27,44496.0,25596802.0,33475381.0
Peru,2022-01-28,49601.0,25693534.0,33475381.0
Peru,2022-01-29,50044.0,25843848.0,33475381.0
Peru,2022-01-30,40331.0,25957184.0,33475381.0
Peru,2022-01-31,35756.0,26075440.0,33475381.0
Peru,2022-02-01,27918.0,26187380.0,33475381.0
Peru,2022-02-02,15132.0,26283198.0,33475381.0
Peru,2022-02-03,22627.0,26389872.0,33475381.0
Peru,2022-02-04,23986.0,26502204.0,33475381.0
Peru,2022-02-05,22542.0,26613104.0,33475381.0
Peru,2022-02-06,22597.0,26676992.0,33475381.0
Peru,2022-02-07,18008.0,26769616.0,33475381.0
Peru,2022-02-08,14191.0,26858616.0,33475381.0
Peru,2022-02-09,9406.0,26943894.0,33475381.0
Peru,2022-02-10,11651.0,27022350.0,33475381.0
Peru,2022-02-11,13091.0,27112880.0,33475381.0
Peru,2022-02-12,13564.0,27187600.0,33475381.0
Peru,2022-02-13,13693.0,27231492.0,33475381.0
Peru,2022-02-14,10859.0,27282174.0,33475381.0
Peru,2022-02-15,9927.0,27338294.0,33475381.0
Peru,2022-02-16,4032.0,27398948.0,33475381.0
Peru,2022-02-17,7077.0,27454592.0,33475381.0
Peru,2022-02-18,9520.0,27509332.0,33475381.0
Peru,2022-02-19,8656.0,27564486.0,33475381.0
Peru,2022-02-20,6787.0,27605424.0,33475381.0
Peru,2022-02-21,9236.0,27657364.0,33475381.0
Peru,2022-02-22,5021.0,27708804.0,33475381.0
Peru,2022-02-23,1887.0,27755344.0,33475381.0
Peru,2022-02-24,2984.0,27800468.0,33475381.0
Peru,2022-02-25,3012.0,27846026.0,33475381.0
Peru,2022-02-26,2183.0,27887184.0,33475381.0
Peru,2022-02-27,2567.0,27916844.0,33475381.0
Peru,2022-02-28,3762.0,27963008.0,33475381.0
Peru,2022-03-01,3860.0,28004846.0,33475381.0
Peru,2022-03-02,996.0,28047394.0,33475381.0
Peru,2022-03-03,1461.0,28088980.0,33475381.0
Peru,2022-03-04,1883.0,28132086.0,33475381.0
Peru,2022-03-05,1880.0,28180016.0,33475381.0
Peru,2022-03-06,2020.0,28209396.0,33475381.0
Peru,2022-03-07,1436.0,28247146.0,33475381.0
Peru,2022-03-08,1609.0,28280292.0,33475381.0
Peru,2022-03-09,489.0,28316382.0,33475381.0
Peru,2022-03-10,901.0,28356096.0,33475381.0
Peru,2022-03-11,1065.0,28403882.0,33475381.0
Peru,2022-03-12,1071.0,28453168.0,33475381.0
Peru,2022-03-13,3612.0,28481680.0,33475381.0
Peru,2022-03-14,1039.0,28511810.0,33475381.0
Peru,2022-03-15,770.0,28537694.0,33475381.0
Peru,2022-03-16,346.0,28561300.0,33475381.0
Peru,2022-03-17,646.0,28583402.0,33475381.0
Peru,2022-03-18,965.0,28613248.0,33475381.0
Peru,2022-03-19,947.0,28642876.0,33475381.0
Peru,2022-03-20,708.0,28663264.0,33475381.0
Peru,2022-03-21,685.0,28682252.0,33475381.0
Peru,2022-03-22,604.0,28701226.0,33475381.0
Peru,2022-03-23,597.0,28719852.0,33475381.0
Peru,2022-03-24,608.0,28737616.0,33475381.0
Peru,2022-03-25,577.0,28758624.0,33475381.0
Peru,2022-03-26,611.0,28786156.0,33475381.0
Peru,2022-03-27,548.0,28806296.0,33475381.0
Peru,2022-03-28,524.0,28821280.0,33475381.0
Peru,2022-03-29,541.0,28836696.0,33475381.0
Peru,2022-03-30,225.0,28850744.0,33475381.0
Peru,2022-03-31,455.0,28863308.0,33475381.0
Peru,2022-04-01,613.0,28880636.0,33475381.0
Peru,2022-04-02,429.0,28900274.0,33475381.0
Peru,2022-04-03,481.0,28916676.0,33475381.0
Peru,2022-04-04,482.0,28926408.0,33475381.0
Peru,2022-04-05,471.0,28934980.0,33475381.0
Peru,2022-04-06,158.0,28948068.0,33475381.0
Peru,2022-04-07,311.0,28961518.0,33475381.0
Peru,2022-04-08,483.0,28977520.0,33475381.0
Peru,2022-04-09,729.0,28994916.0,33475381.0
Peru,2022-04-10,551.0,29007900.0,33475381.0
Peru,2022-04-11,454.0,29019768.0,33475381.0
Peru,2022-04-12,295.0,29032624.0,33475381.0
Peru,2022-04-13,260.0,29047316.0,33475381.0
Peru,2022-04-14,667.0,29055522.0,33475381.0
Peru,2022-04-15,743.0,29060408.0,33475381.0
Peru,2022-04-16,796.0,29070930.0,33475381.0
Peru,2022-04-17,663.0,29079332.0,33475381.0
Peru,2022-04-18,470.0,29089586.0,33475381.0
Peru,2022-04-19,600.0,29100858.0,33475381.0
Peru,2022-04-20,645.0,29113072.0,33475381.0
Peru,2022-04-21,755.0,29125444.0,33475381.0
Peru,2022-04-22,730.0,29141956.0,33475381.0
Peru,2022-04-23,744.0,29159678.0,33475381.0
Peru,2022-04-24,730.0,29173766.0,33475381.0
Peru,2022-04-25,752.0,29187360.0,33475381.0
Peru,2022-04-26,781.0,29202660.0,33475381.0
Peru,2022-04-27,801.0,29218108.0,33475381.0
Peru,2022-04-28,623.0,29233112.0,33475381.0
Peru,2022-04-29,851.0,29249968.0,33475381.0
Peru,2022-04-30,778.0,29264026.0,33475381.0
Peru,2022-05-01,629.0,29268004.0,33475381.0
Peru,2022-05-02,695.0,29273226.0,33475381.0
Peru,2022-05-03,586.0,29278930.0,33475381.0
Peru,2022-05-04,684.0,29284770.0,33475381.0
Peru,2022-05-05,648.0,29290552.0,33475381.0
Peru,2022-05-06,692.0,29296020.0,33475381.0
Peru,2022-05-07,1163.0,29300496.0,33475381.0
Peru,2022-05-08,0.0,29301530.0,33475381.0
Peru,2022-05-09,300.0,29306326.0,33475381.0
Peru,2022-05-10,456.0,29311672.0,33475381.0
Peru,2022-05-11,293.0,29317088.0,33475381.0
Peru,2022-05-12,264.0,29322920.0,33475381.0
Peru,2022-05-13,462.0,29329268.0,33475381.0
Peru,2022-05-14,360.0,29335580.0,33475381.0
Peru,2022-05-15,355.0,29339304.0,33475381.0
Peru,2022-05-16,403.0,29344430.0,33475381.0
Peru,2022-05-17,504.0,29350028.0,33475381.0
Peru,2022-05-18,409.0,29355660.0,33475381.0
Peru,2022-05-19,388.0,29361608.0,33475381.0
Peru,2022-05-20,518.0,29368364.0,33475381.0
Peru,2022-05-21,444.0,29375286.0,33475381.0
Peru,2022-05-22,694.0,29379910.0,33475381.0
Peru,2022-05-23,415.0,29385690.0,33475381.0
Peru,2022-05-24,751.0,29391528.0,33475381.0
Peru,2022-05-25,267.0,29397736.0,33475381.0
Peru,2022-05-26,331.0,29404076.0,33475381.0
Peru,2022-05-27,601.0,29411320.0,33475381.0
Peru,2022-05-28,666.0,29418816.0,33475381.0
Peru,2022-05-29,457.0,29423724.0,33475381.0
Peru,2022-05-30,1170.0,29429276.0,33475381.0
Peru,2022-05-31,517.0,29434508.0,33475381.0
Peru,2022-06-01,296.0,29439430.0,33475381.0
Peru,2022-06-02,1177.0,29443970.0,33475381.0
Peru,2022-06-03,0.0,29449060.0,33475381.0
Peru,2022-06-04,1080.0,29454432.0,33475381.0
Peru,2022-06-05,799.0,29458114.0,33475381.0
Peru,2022-06-06,853.0,29462656.0,33475381.0
Peru,2022-06-07,1125.0,29467452.0,33475381.0
Peru,2022-06-08,386.0,29472692.0,33475381.0
Peru,2022-06-09,475.0,29477896.0,33475381.0
Peru,2022-06-10,900.0,29483612.0,33475381.0
Peru,2022-06-11,764.0,29489272.0,33475381.0
Peru,2022-06-12,791.0,29493440.0,33475381.0
Peru,2022-06-13,1085.0,29496734.0,33475381.0
Peru,2022-06-14,1100.0,29501670.0,33475381.0
Peru,2022-06-15,934.0,29506496.0,33475381.0
Peru,2022-06-16,949.0,29511356.0,33475381.0
Peru,2022-06-17,860.0,29516166.0,33475381.0
Peru,2022-06-18,1352.0,29520656.0,33475381.0
Peru,2022-06-19,1400.0,29522310.0,33475381.0
Peru,2022-06-20,1489.0,29526574.0,33475381.0
Peru,2022-06-21,1635.0,29531244.0,33475381.0
Peru,2022-06-22,1492.0,29535894.0,33475381.0
Peru,2022-06-23,2134.0,29540156.0,33475381.0
Peru,2022-06-24,2487.0,29543868.0,33475381.0
Peru,2022-06-25,2951.0,29548496.0,33475381.0
Peru,2022-06-26,2558.0,29551944.0,33475381.0
Peru,2022-06-27,2341.0,29556010.0,33475381.0
Peru,2022-06-28,3465.0,29560812.0,33475381.0
Peru,2022-06-29,700.0,29564168.0,33475381.0
Peru,2022-06-30,3172.0,29568294.0,33475381.0
Peru,2022-07-01,4290.0,29571820.0,33475381.0
Peru,2022-07-02,1711.0,29575906.0,33475381.0
Peru,2022-07-03,2994.0,29578256.0,33475381.0
Peru,2022-07-04,5122.0,29580992.0,33475381.0
Peru,2022-07-05,2611.0,29584424.0,33475381.0
Peru,2022-07-06,2532.0,29588320.0,33475381.0
Peru,2022-07-07,4138.0,29592090.0,33475381.0
Peru,2022-07-08,6004.0,29597130.0,33475381.0
Peru,2022-07-09,6106.0,29602820.0,33475381.0
Peru,2022-07-10,6376.0,29606688.0,33475381.0
Peru,2022-07-11,6358.0,29611176.0,33475381.0
Peru,2022-07-12,6109.0,29616276.0,33475381.0
Peru,2022-07-13,8061.0,29621778.0,33475381.0
Peru,2022-07-14,8000.0,29627524.0,33475381.0
Peru,2022-07-15,12538.0,29634642.0,33475381.0
Peru,2022-07-16,10610.0,29641840.0,33475381.0
Peru,2022-07-17,15518.0,29646072.0,33475381.0
Peru,2022-07-18,10982.0,29651400.0,33475381.0
Peru,2022-07-19,8774.0,29657328.0,33475381.0
Peru,2022-07-20,11810.0,29663420.0,33475381.0
Peru,2022-07-21,12288.0,29669916.0,33475381.0
Peru,2022-07-22,14154.0,29676800.0,33475381.0
Peru,2022-07-23,14006.0,29682952.0,33475381.0
Peru,2022-07-24,14911.0,29686982.0,33475381.0
Peru,2022-07-25,12971.0,29691968.0,33475381.0
Peru,2022-07-26,9324.0,29697068.0,33475381.0
Peru,2022-07-27,5994.0,29701600.0,33475381.0
Peru,2022-07-28,14186.0,29704092.0,33475381.0
Peru,2022-07-29,14423.0,29706472.0,33475381.0
Peru,2022-07-30,15327.0,29710104.0,33475381.0
Peru,2022-07-31,6467.0,29712496.0,33475381.0
Peru,2022-08-01,5454.0,29716154.0,33475381.0
Peru,2022-08-02,8920.0,29719228.0,33475381.0
Peru,2022-08-03,4636.0,29722820.0,33475381.0
Peru,2022-08-04,9238.0,29726288.0,33475381.0
Peru,2022-08-05,9094.0,29729944.0,33475381.0
Peru,2022-08-06,7644.0,29733188.0,33475381.0
Peru,2022-08-07,11013.0,29735584.0,33475381.0
Peru,2022-08-08,10018.0,29739144.0,33475381.0
Peru,2022-08-09,5385.0,29743184.0,33475381.0
Peru,2022-08-10,3438.0,29747214.0,33475381.0
Peru,2022-08-11,10514.0,29751208.0,33475381.0
Peru,2022-08-12,11878.0,29756260.0,33475381.0
Peru,2022-08-13,10221.0,29761392.0,33475381.0
Peru,2022-08-14,10882.0,29764576.0,33475381.0
Peru,2022-08-15,8185.0,29768524.0,33475381.0
Peru,2022-08-16,5598.0,29773110.0,33475381.0
Peru,2022-08-17,3393.0,29778060.0,33475381.0
Peru,2022-08-18,6970.0,29782920.0,33475381.0
Peru,2022-08-19,8693.0,29788008.0,33475381.0
Peru,2022-08-20,8784.0,29793068.0,33475381.0
Peru,2022-08-21,5903.0,29796522.0,33475381.0
Peru,2022-08-22,9226.0,29800888.0,33475381.0
Peru,2022-08-23,3421.0,29805498.0,33475381.0
Peru,2022-08-24,1906.0,29809912.0,33475381.0
Peru,2022-08-25,5231.0,29814116.0,33475381.0
Peru,2022-08-26,5486.0,29818860.0,33475381.0
Peru,2022-08-27,4739.0,29823004.0,33475381.0
Peru,2022-08-28,3286.0,29825594.0,33475381.0
Peru,2022-08-29,2878.0,29828372.0,33475381.0
Peru,2022-08-30,2255.0,29829776.0,33475381.0
Peru,2022-08-31,1138.0,29832652.0,33475381.0
Peru,2022-09-01,1718.0,29834918.0,33475381.0
Peru,2022-09-02,1233.0,29837464.0,33475381.0
Peru,2022-09-03,3618.0,29839740.0,33475381.0
Peru,2022-09-04,3553.0,29840920.0,33475381.0
Peru,2022-09-05,2522.0,29843114.0,33475381.0
Peru,2022-09-06,1550.0,29845236.0,33475381.0
Peru,2022-09-07,761.0,29847630.0,33475381.0
Peru,2022-09-08,2914.0,29850056.0,33475381.0
Peru,2022-09-09,0.0,29852980.0,33475381.0
Peru,2022-09-10,2244.0,29855496.0,33475381.0
Peru,2022-09-11,2399.0,29856882.0,33475381.0
Peru,2022-09-12,1773.0,29859058.0,33475381.0
Peru,2022-09-13,813.0,29861500.0,33475381.0
Peru,2022-09-14,441.0,29863876.0,33475381.0
Peru,2022-09-15,1150.0,29866350.0,33475381.0
Peru,2022-09-16,1068.0,29868966.0,33475381.0
Peru,2022-09-17,1360.0,29871158.0,33475381.0
Peru,2022-09-18,1097.0,29872462.0,33475381.0
Peru,2022-09-19,859.0,29874624.0,33475381.0
Peru,2022-09-20,691.0,29876764.0,33475381.0
Peru,2022-09-21,242.0,29878964.0,33475381.0
Peru,2022-09-22,2212.0,29880968.0,33475381.0
Peru,2022-09-23,2173.0,29883224.0,33475381.0
Peru,2022-09-24,1665.0,29885516.0,33475381.0
Peru,2022-09-25,1150.0,29887884.0,33475381.0
Peru,2022-09-26,745.0,29890000.0,33475381.0
Peru,2022-09-27,367.0,29892304.0,33475381.0
Peru,2022-09-28,169.0,29894636.0,33475381.0
Peru,2022-09-29,694.0,29896776.0,33475381.0
Peru,2022-09-30,981.0,29898788.0,33475381.0
Peru,2022-10-01,0.0,29900294.0,33475381.0
Peru,2022-10-02,1331.0,29900584.0,33475381.0
Peru,2022-10-03,632.0,29901900.0,33475381.0
Peru,2022-10-04,253.0,29903294.0,33475381.0
Peru,2022-10-05,148.0,29905044.0,33475381.0
Peru,2022-10-06,551.0,29907128.0,33475381.0
Peru,2022-10-07,858.0,29909660.0,33475381.0
Peru,2022-10-08,964.0,29911102.0,33475381.0
Peru,2022-10-09,635.0,29912030.0,33475381.0
Peru,2022-10-10,0.0,29915448.0,33475381.0
Peru,2022-10-11,130.0,29919004.0,33475381.0
Peru,2022-10-12,104.0,29922790.0,33475381.0
Peru,2022-10-13,388.0,29926286.0,33475381.0
Peru,2022-10-14,370.0,29930560.0,33475381.0
Peru,2022-10-15,374.0,29934208.0,33475381.0
Peru,2022-10-16,298.0,29935472.0,33475381.0
Peru,2022-10-17,423.0,29939888.0,33475381.0
Peru,2022-10-18,193.0,29944388.0,33475381.0
Peru,2022-10-19,95.0,29949460.0,33475381.0
Peru,2022-10-20,212.0,29954700.0,33475381.0
Peru,2022-10-21,370.0,29961024.0,33475381.0
Peru,2022-10-22,291.0,29966384.0,33475381.0
Peru,2022-10-23,314.0,29968052.0,33475381.0
Peru,2022-10-24,265.0,29973540.0,33475381.0
Peru,2022-10-25,215.0,29978420.0,33475381.0
Peru,2022-10-26,81.0,29983824.0,33475381.0
Peru,2022-10-27,224.0,29988472.0,33475381.0
Peru,2022-10-28,801.0,29996408.0,33475381.0
Peru,2022-10-29,314.0,30004136.0,33475381.0
Peru,2022-10-30,417.0,30009664.0,33475381.0
Peru,2022-10-31,950.0,30012276.0,33475381.0
Peru,2022-11-01,792.0,30013116.0,33475381.0
Peru,2022-11-02,846.0,30016284.0,33475381.0
Peru,2022-11-03,645.0,30020052.0,33475381.0
Peru,2022-11-04,965.0,30024532.0,33475381.0
Peru,2022-11-05,598.0,30028712.0,33475381.0
Peru,2022-11-06,819.0,30030058.0,33475381.0
Peru,2022-11-07,1267.0,30034756.0,33475381.0
Peru,2022-11-08,399.0,30039426.0,33475381.0
Peru,2022-11-09,152.0,30044152.0,33475381.0
Peru,2022-11-10,1557.0,30049532.0,33475381.0
Peru,2022-11-11,1861.0,30055400.0,33475381.0
Peru,2022-11-12,2103.0,30060608.0,33475381.0
Peru,2022-11-13,2461.0,30063004.0,33475381.0
Peru,2022-11-14,2087.0,30068808.0,33475381.0
Peru,2022-11-15,648.0,30074546.0,33475381.0
Peru,2022-11-16,338.0,30080300.0,33475381.0
Peru,2022-11-17,2559.0,30085516.0,33475381.0
Peru,2022-11-18,2403.0,30091616.0,33475381.0
Peru,2022-11-19,3048.0,30097086.0,33475381.0
Peru,2022-11-20,3357.0,30099128.0,33475381.0
Peru,2022-11-21,4501.0,30104248.0,33475381.0
Peru,2022-11-22,2256.0,30108952.0,33475381.0
Peru,2022-11-23,1352.0,30113734.0,33475381.0
Peru,2022-11-24,4726.0,30118428.0,33475381.0
Peru,2022-11-25,6203.0,30125612.0,33475381.0
Peru,2022-11-26,6676.0,30132376.0,33475381.0
Peru,2022-11-27,7163.0,30137164.0,33475381.0
Peru,2022-11-28,6883.0,30141922.0,33475381.0
Peru,2022-11-29,3495.0,30146282.0,33475381.0
Peru,2022-11-30,1733.0,30150274.0,33475381.0
Peru,2022-12-01,8863.0,30154048.0,33475381.0
Peru,2022-12-02,14341.0,30158520.0,33475381.0
Peru,2022-12-03,13868.0,30162706.0,33475381.0
Peru,2022-12-04,12746.0,30163954.0,33475381.0
Peru,2022-12-05,12376.0,30168384.0,33475381.0
Peru,2022-12-06,9203.0,30172474.0,33475381.0
Peru,2022-12-07,4169.0,30176888.0,33475381.0
Peru,2022-12-08,11422.0,30178712.0,33475381.0
Peru,2022-12-09,14354.0,30180672.0,33475381.0
Peru,2022-12-10,14456.0,30184030.0,33475381.0
Peru,2022-12-11,5536.0,30185348.0,33475381.0
Peru,2022-12-12,3738.0,30189482.0,33475381.0
Peru,2022-12-13,4958.0,30192902.0,33475381.0
Peru,2022-12-14,3072.0,30196352.0,33475381.0
Peru,2022-12-15,14624.0,30200352.0,33475381.0
Peru,2022-12-16,13450.0,30204516.0,33475381.0
Peru,2022-12-17,8718.0,30208432.0,33475381.0
Peru,2022-12-18,6770.0,30211572.0,33475381.0
Peru,2022-12-19,6298.0,30215486.0,33475381.0
Peru,2022-12-20,3830.0,30219038.0,33475381.0
Peru,2022-12-21,852.0,30222184.0,33475381.0
Peru,2022-12-22,8083.0,30224988.0,33475381.0
Peru,2022-12-23,5254.0,30226976.0,33475381.0
Peru,2022-12-24,4470.0,30227712.0,33475381.0
Peru,2022-12-25,4148.0,30227852.0,33475381.0
Peru,2022-12-26,3413.0,30230110.0,33475381.0
Peru,2022-12-27,1465.0,30232702.0,33475381.0
Peru,2022-12-28,350.0,30235176.0,33475381.0
Peru,2022-12-29,1742.0,30237392.0,33475381.0
Peru,2022-12-30,5326.0,30238960.0,33475381.0
Peru,2022-12-31,3162.0,30239408.0,33475381.0
Peru,2023-01-01,0.0,30239750.0,33475381.0
Peru,2023-01-02,4407.0,30241560.0,33475381.0
Peru,2023-01-03,1128.0,30243728.0,33475381.0
Peru,2023-01-04,329.0,30246132.0,33475381.0
Peru,2023-01-05,1029.0,30248484.0,33475381.0
Peru,2023-01-06,2512.0,30250952.0,33475381.0
Peru,2023-01-07,1091.0,30253148.0,33475381.0
Peru,2023-01-08,1599.0,30253784.0,33475381.0
Peru,2023-01-09,2544.0,30256532.0,33475381.0
Peru,2023-01-10,726.0,30259212.0,33475381.0
Peru,2023-01-11,591.0,30261792.0,33475381.0
Peru,2023-01-12,727.0,30264288.0,33475381.0
Peru,2023-01-13,807.0,30267038.0,33475381.0
Peru,2023-01-14,1468.0,30269216.0,33475381.0
Peru,2023-01-15,627.0,30269808.0,33475381.0
Peru,2023-01-16,759.0,30272768.0,33475381.0
Peru,2023-01-17,846.0,30275280.0,33475381.0
Peru,2023-01-18,184.0,30278004.0,33475381.0
Peru,2023-01-19,513.0,30280216.0,33475381.0
Peru,2023-01-20,941.0,30282636.0,33475381.0
Peru,2023-01-21,487.0,30284870.0,33475381.0
Peru,2023-01-22,404.0,30285524.0,33475381.0
Peru,2023-01-23,737.0,30288612.0,33475381.0
Peru,2023-01-24,279.0,30291446.0,33475381.0
Peru,2023-01-25,104.0,30294140.0,33475381.0
Peru,2023-01-26,508.0,30296512.0,33475381.0
Peru,2023-01-27,426.0,30299068.0,33475381.0
Peru,2023-01-28,445.0,30301032.0,33475381.0
Peru,2023-01-29,374.0,30301566.0,33475381.0
Peru,2023-01-30,273.0,30303816.0,33475381.0
Peru,2023-01-31,145.0,30305540.0,33475381.0
Peru,2023-02-01,44.0,30307606.0,33475381.0
Peru,2023-02-02,331.0,30309746.0,33475381.0
Peru,2023-02-03,252.0,30311948.0,33475381.0
Peru,2023-02-04,247.0,30313776.0,33475381.0
Peru,2023-02-05,190.0,30314228.0,33475381.0
Peru,2023-02-06,187.0,30316588.0,33475381.0
Peru,2023-02-07,85.0,30319020.0,33475381.0
Peru,2023-02-08,47.0,30321410.0,33475381.0
Peru,2023-02-09,223.0,30323772.0,33475381.0
Peru,2023-02-10,184.0,30326308.0,33475381.0
Peru,2023-02-11,200.0,30328180.0,33475381.0
Peru,2023-02-12,207.0,30328752.0,33475381.0
Peru,2023-02-13,176.0,30331406.0,33475381.0
Peru,2023-02-14,110.0,30333552.0,33475381.0
Peru,2023-02-15,50.0,30335836.0,33475381.0
Peru,2023-02-16,250.0,30338194.0,33475381.0
Peru,2023-02-17,144.0,30340972.0,33475381.0
Peru,2023-02-18,189.0,30343224.0,33475381.0
Peru,2023-02-19,169.0,30344188.0,33475381.0
Peru,2023-02-20,120.0,30346842.0,33475381.0
Peru,2023-02-21,118.0,30349438.0,33475381.0
Peru,2023-02-22,41.0,30352212.0,33475381.0
Peru,2023-02-23,93.0,30354996.0,33475381.0
Peru,2023-02-24,100.0,30357756.0,33475381.0
Peru,2023-02-25,144.0,30360086.0,33475381.0
Peru,2023-02-26,135.0,30360928.0,33475381.0
Peru,2023-02-27,334.0,30363576.0,33475381.0
Peru,2023-02-28,68.0,30365876.0,33475381.0
Peru,2023-03-01,69.0,30368082.0,33475381.0
Peru,2023-03-02,281.0,30370032.0,33475381.0
Peru,2023-03-03,248.0,30372160.0,33475381.0
Peru,2023-03-04,171.0,30373752.0,33475381.0
Peru,2023-03-05,212.0,30374240.0,33475381.0
Peru,2023-03-06,167.0,30376680.0,33475381.0
Peru,2023-03-07,0.0,30378872.0,33475381.0
Peru,2023-03-08,102.0,30380880.0,33475381.0
Peru,2023-03-09,0.0,30382944.0,33475381.0
Peru,2023-03-10,619.0,30384904.0,33475381.0
Peru,2023-03-11,217.0,30386782.0,33475381.0
Peru,2023-03-12,186.0,30387348.0,33475381.0
Peru,2023-03-13,0.0,30389334.0,33475381.0
Peru,2023-03-14,183.0,30391184.0,33475381.0
Peru,2023-03-15,120.0,30393166.0,33475381.0
Peru,2023-03-16,79.0,30395028.0,33475381.0
Peru,2023-03-17,273.0,30397372.0,33475381.0
Peru,2023-03-18,309.0,30399588.0,33475381.0
Peru,2023-03-19,227.0,30400628.0,33475381.0
Peru,2023-03-20,230.0,30402642.0,33475381.0
Peru,2023-03-21,412.0,30404680.0,33475381.0
Peru,2023-03-22,63.0,30406624.0,33475381.0
Peru,2023-03-23,257.0,30408748.0,33475381.0
Peru,2023-03-24,0.0,30410844.0,33475381.0
Peru,2023-03-25,382.0,30412832.0,33475381.0
Peru,2023-03-26,305.0,30413786.0,33475381.0
Peru,2023-03-27,340.0,30415800.0,33475381.0
Peru,2023-03-28,316.0,30417584.0,33475381.0
Peru,2023-03-29,201.0,30419336.0,33475381.0
Peru,2023-03-30,119.0,30420932.0,33475381.0
Peru,2023-03-31,343.0,30422526.0,33475381.0
Peru,2023-04-01,390.0,30424392.0,33475381.0
Peru,2023-04-02,386.0,30424916.0,33475381.0
Peru,2023-04-03,0.0,30426712.0,33475381.0
Peru,2023-04-04,0.0,30428424.0,33475381.0
Peru,2023-04-05,0.0,30430370.0,33475381.0
Peru,2023-04-06,0.0,30430950.0,33475381.0
Peru,2023-04-07,0.0,30431348.0,33475381.0
Peru,2023-04-08,0.0,30432692.0,33475381.0
Peru,2023-04-09,0.0,30433108.0,33475381.0
Peru,2023-04-10,0.0,30435432.0,33475381.0
Peru,2023-04-11,0.0,30437420.0,33475381.0
Peru,2023-04-12,0.0,30439776.0,33475381.0
Peru,2023-04-13,0.0,30441944.0,33475381.0
Peru,2023-04-14,0.0,30445032.0,33475381.0
Peru,2023-04-15,0.0,30447268.0,33475381.0
Peru,2023-04-16,4005.0,30448000.0,33475381.0
Peru,2023-04-17,0.0,30450344.0,33475381.0
Peru,2023-04-18,0.0,30452560.0,33475381.0
Peru,2023-04-19,0.0,30454848.0,33475381.0
Peru,2023-04-20,0.0,30457106.0,33475381.0
Peru,2023-04-21,0.0,30459414.0,33475381.0
Peru,2023-04-22,0.0,30462792.0,33475381.0
Peru,2023-04-23,2459.0,30465972.0,33475381.0
Peru,2023-04-24,0.0,30469428.0,33475381.0
Peru,2023-04-25,0.0,30473104.0,33475381.0
Peru,2023-04-26,0.0,30476728.0,33475381.0
Peru,2023-04-27,0.0,30480584.0,33475381.0
Peru,2023-04-28,0.0,30484596.0,33475381.0
Peru,2023-04-29,0.0,30487980.0,33475381.0
Peru,2023-04-30,1775.0,30489504.0,33475381.0
Peru,2023-05-01,0.0,30490232.0,33475381.0
Peru,2023-05-02,0.0,30491436.0,33475381.0
Peru,2023-05-03,0.0,30492660.0,33475381.0
Peru,2023-05-04,0.0,30493018.0,33475381.0
Peru,2023-05-05,0.0,30493460.0,33475381.0
Peru,2023-05-06,0.0,30493768.0,33475381.0
Peru,2023-05-07,2092.0,30493884.0,33475381.0
Peru,2023-05-08,0.0,30494174.0,33475381.0
Peru,2023-05-09,0.0,30494532.0,33475381.0
Peru,2023-05-10,0.0,30494836.0,33475381.0
Peru,2023-05-11,0.0,30495124.0,33475381.0
Peru,2023-05-12,0.0,30495362.0,33475381.0
Peru,2023-05-13,0.0,30495574.0,33475381.0
Peru,2023-05-14,1998.0,30495620.0,33475381.0
Peru,2023-05-15,0.0,30495980.0,33475381.0
Peru,2023-05-16,0.0,30496344.0,33475381.0
Peru,2023-05-17,0.0,30496718.0,33475381.0
Peru,2023-05-18,0.0,30497116.0,33475381.0
Peru,2023-05-19,0.0,30497546.0,33475381.0
Peru,2023-05-20,0.0,30497880.0,33475381.0
Peru,2023-05-21,0.0,30498062.0,33475381.0
Peru,2023-05-22,0.0,30498354.0,33475381.0
Peru,2023-05-23,0.0,30498648.0,33475381.0
Peru,2023-05-24,0.0,30498970.0,33475381.0
Peru,2023-05-25,0.0,30499232.0,33475381.0
Peru,2023-05-26,0.0,30499558.0,33475381.0
Peru,2023-05-27,0.0,30499858.0,33475381.0
Peru,2023-05-28,0.0,30499990.0,33475381.0
Peru,2023-05-29,0.0,30500380.0,33475381.0
Peru,2023-05-30,0.0,30500742.0,33475381.0
Peru,2023-05-31,0.0,30500992.0,33475381.0
Peru,2023-06-01,0.0,30501276.0,33475381.0
Peru,2023-06-02,0.0,30501524.0,33475381.0
Peru,2023-06-03,0.0,30501730.0,33475381.0
Peru,2023-06-04,0.0,30501814.0,33475381.0
Peru,2023-06-05,0.0,30502044.0,33475381.0
Peru,2023-06-06,0.0,30502276.0,33475381.0
Peru,2023-06-07,0.0,30502524.0,33475381.0
Peru,2023-06-08,0.0,30502772.0,33475381.0
Peru,2023-06-09,0.0,30503000.0,33475381.0
Peru,2023-06-10,0.0,30503196.0,33475381.0
Peru,2023-06-11,0.0,30503260.0,33475381.0
Peru,2023-06-12,0.0,30503482.0,33475381.0
Peru,2023-06-13,0.0,30503704.0,33475381.0
Peru,2023-06-14,0.0,30503912.0,33475381.0
Peru,2023-06-15,0.0,30504110.0,33475381.0
Peru,2023-06-16,0.0,30504324.0,33475381.0
Peru,2023-06-17,0.0,30504512.0,33475381.0
Peru,2023-06-18,0.0,30504568.0,33475381.0
Peru,2023-06-19,0.0,30504768.0,33475381.0
Peru,2023-06-20,0.0,30505008.0,33475381.0
Peru,2023-06-21,0.0,30505216.0,33475381.0
Peru,2023-06-22,0.0,30505424.0,33475381.0
Peru,2023-06-23,0.0,30505696.0,33475381.0
Peru,2023-06-24,0.0,30505884.0,33475381.0
Peru,2023-06-25,0.0,30506040.0,33475381.0
Peru,2023-06-26,0.0,30506280.0,33475381.0
Peru,2023-06-27,0.0,30506480.0,33475381.0
Peru,2023-06-28,0.0,30506678.0,33475381.0
Peru,2023-06-29,0.0,30506794.0,33475381.0
Peru,2023-06-30,0.0,30506980.0,33475381.0
Peru,2023-07-01,0.0,30507198.0,33475381.0
Peru,2023-07-02,0.0,30507296.0,33475381.0
Peru,2023-07-03,0.0,30507468.0,33475381.0
Peru,2023-07-04,0.0,30507680.0,33475381.0
Peru,2023-07-05,0.0,30507866.0,33475381.0
Peru,2023-07-06,0.0,30508054.0,33475381.0
Peru,2023-07-07,0.0,30508264.0,33475381.0
Peru,2023-07-08,0.0,30508468.0,33475381.0
Peru,2023-07-09,0.0,30508568.0,33475381.0
Peru,2023-07-10,0.0,30508774.0,33475381.0
Peru,2023-07-11,0.0,30509012.0,33475381.0
Peru,2023-07-12,0.0,30509348.0,33475381.0
Peru,2023-07-13,0.0,30509640.0,33475381.0
Peru,2023-07-14,0.0,30509932.0,33475381.0
Peru,2023-07-15,0.0,30510148.0,33475381.0
Peru,2023-07-16,0.0,30510272.0,33475381.0
Peru,2023-07-17,0.0,30510566.0,33475381.0
Peru,2023-07-18,0.0,30510812.0,33475381.0
Peru,2023-07-19,0.0,30511088.0,33475381.0
Peru,2023-07-20,0.0,30511444.0,33475381.0
Peru,2023-07-21,0.0,30511712.0,33475381.0
Peru,2023-07-22,0.0,30511914.0,33475381.0
Peru,2023-07-23,0.0,30512056.0,33475381.0
Peru,2023-07-24,0.0,30512304.0,33475381.0
Peru,2023-07-25,0.0,30512552.0,33475381.0
Peru,2023-07-26,0.0,30512800.0,33475381.0
Peru,2023-07-27,0.0,30513046.0,33475381.0
Peru,2023-07-28,0.0,30513172.0,33475381.0
Peru,2023-07-29,0.0,30513286.0,33475381.0
Peru,2023-07-30,0.0,30513376.0,33475381.0
Peru,2023-07-31,0.0,30513604.0,33475381.0
Peru,2023-08-01,0.0,30513852.0,33475381.0
Peru,2023-08-02,0.0,30514136.0,33475381.0
Peru,2023-08-03,0.0,30514388.0,33475381.0
Peru,2023-08-04,0.0,30514652.0,33475381.0
Peru,2023-08-05,0.0,30514904.0,33475381.0
Peru,2023-08-06,0.0,30515020.0,33475381.0
Peru,2023-08-07,0.0,30515268.0,33475381.0
Peru,2023-08-08,0.0,30515432.0,33475381.0
Peru,2023-08-09,0.0,30515656.0,33475381.0
Peru,2023-08-10,0.0,30515854.0,33475381.0
Peru,2023-08-11,0.0,30516080.0,33475381.0
Peru,2023-08-12,0.0,30516356.0,33475381.0
Peru,2023-08-13,0.0,30516476.0,33475381.0
Peru,2023-08-14,0.0,30516684.0,33475381.0
Peru,2023-08-15,0.0,30516984.0,33475381.0
Peru,2023-08-16,0.0,30517272.0,33475381.0
Peru,2023-08-17,0.0,30517576.0,33475381.0
Peru,2023-08-18,0.0,30517912.0,33475381.0
Peru,2023-08-19,0.0,30518266.0,33475381.0
Peru,2023-08-20,0.0,30518388.0,33475381.0
Peru,2023-08-21,0.0,30518764.0,33475381.0
Peru,2023-08-22,0.0,30519120.0,33475381.0
Peru,2023-08-23,0.0,30519470.0,33475381.0
Peru,2023-08-24,0.0,30519816.0,33475381.0
Peru,2023-08-25,0.0,30520238.0,33475381.0
Peru,2023-08-26,0.0,30520580.0,33475381.0
Peru,2023-08-27,0.0,30520680.0,33475381.0
Peru,2023-08-28,0.0,30521160.0,33475381.0
Peru,2023-08-29,0.0,30521580.0,33475381.0
Peru,2023-08-30,0.0,30521750.0,33475381.0
Peru,2023-08-31,0.0,30522098.0,33475381.0
Peru,2023-09-01,0.0,30522596.0,33475381.0
Peru,2023-09-02,0.0,30523076.0,33475381.0
Peru,2023-09-03,0.0,30523266.0,33475381.0
Peru,2023-09-04,0.0,30523792.0,33475381.0
Peru,2023-09-05,0.0,30524316.0,33475381.0
Peru,2023-09-06,0.0,30524800.0,33475381.0
Peru,2023-09-07,0.0,30525276.0,33475381.0
Peru,2023-09-08,0.0,30525872.0,33475381.0
Peru,2023-09-09,0.0,30526448.0,33475381.0
Peru,2023-09-10,0.0,30526646.0,33475381.0
Peru,2023-09-11,0.0,30527296.0,33475381.0
Peru,2023-09-12,0.0,30527918.0,33475381.0
Peru,2023-09-13,0.0,30528604.0,33475381.0
Peru,2023-09-14,0.0,30529248.0,33475381.0
Peru,2023-09-15,0.0,30529976.0,33475381.0
Peru,2023-09-16,0.0,30530588.0,33475381.0
Peru,2023-09-17,0.0,30530776.0,33475381.0
Peru,2023-09-18,0.0,30531552.0,33475381.0
Peru,2023-09-19,0.0,30532234.0,33475381.0
Peru,2023-09-20,0.0,30532842.0,33475381.0
Peru,2023-09-21,0.0,30533488.0,33475381.0
Peru,2023-09-22,0.0,30534144.0,33475381.0
Peru,2023-09-23,0.0,30534740.0,33475381.0
Peru,2023-09-24,0.0,30534904.0,33475381.0
Peru,2023-09-25,0.0,30535636.0,33475381.0
Peru,2023-09-26,0.0,30536268.0,33475381.0
Peru,2023-09-27,0.0,30536894.0,33475381.0
Peru,2023-09-28,0.0,30537464.0,33475381.0
Peru,2023-09-29,0.0,30538000.0,33475381.0
Peru,2023-09-30,0.0,30538442.0,33475381.0
Peru,2023-10-01,0.0,30538556.0,33475381.0
Peru,2023-10-02,0.0,30539096.0,33475381.0
Peru,2023-10-03,0.0,30539676.0,33475381.0
Peru,2023-10-04,0.0,30540230.0,33475381.0
Peru,2023-10-05,0.0,30540740.0,33475381.0
Peru,2023-10-06,0.0,30541136.0,33475381.0
Peru,2023-10-07,0.0,30541444.0,33475381.0
Peru,2023-10-08,0.0,30541524.0,33475381.0
Peru,2023-10-09,0.0,30541894.0,33475381.0
Peru,2023-10-10,0.0,30542296.0,33475381.0
Peru,2023-10-11,0.0,30542704.0,33475381.0
Peru,2023-10-12,0.0,30543036.0,33475381.0
Peru,2023-10-13,0.0,30543468.0,33475381.0
Peru,2023-10-14,0.0,30543756.0,33475381.0
Peru,2023-10-15,0.0,30543816.0,33475381.0
Peru,2023-10-16,0.0,30544180.0,33475381.0
Peru,2023-10-17,0.0,30544592.0,33475381.0
Peru,2023-10-18,0.0,30544944.0,33475381.0
Peru,2023-10-19,0.0,30545288.0,33475381.0
Peru,2023-10-20,0.0,30545592.0,33475381.0
Peru,2023-10-21,0.0,30545868.0,33475381.0
Peru,2023-10-22,0.0,30545956.0,33475381.0
Peru,2023-10-23,0.0,30546250.0,33475381.0
Peru,2023-10-24,0.0,30546472.0,33475381.0
Peru,2023-10-25,0.0,30546892.0,33475381.0
Peru,2023-10-26,0.0,30547388.0,33475381.0
Peru,2023-10-27,0.0,30547856.0,33475381.0
Peru,2023-10-28,0.0,30548222.0,33475381.0
Peru,2023-10-29,0.0,30548468.0,33475381.0
Peru,2023-10-30,0.0,30548776.0,33475381.0
Peru,2023-10-31,0.0,30549004.0,33475381.0
Peru,2023-11-01,0.0,30549072.0,33475381.0
Peru,2023-11-02,0.0,30549284.0,33475381.0
Peru,2023-11-03,0.0,30549548.0,33475381.0
Peru,2023-11-04,0.0,30549756.0,33475381.0
Peru,2023-11-05,0.0,30549808.0,33475381.0
Peru,2023-11-06,0.0,30550108.0,33475381.0
Peru,2023-11-07,0.0,30550388.0,33475381.0
Peru,2023-11-08,0.0,30550798.0,33475381.0
Peru,2023-11-09,0.0,30551180.0,33475381.0
Peru,2023-11-10,0.0,30551632.0,33475381.0
Peru,2023-11-11,0.0,30552036.0,33475381.0
Peru,2023-11-12,0.0,30552142.0,33475381.0
Peru,2023-11-13,0.0,30552598.0,33475381.0
Peru,2023-11-14,0.0,30553072.0,33475381.0
Peru,2023-11-15,0.0,30553582.0,33475381.0
Peru,2023-11-16,0.0,30554044.0,33475381.0
Peru,2023-11-17,0.0,30554636.0,33475381.0
Peru,2023-11-18,0.0,30555148.0,33475381.0
Peru,2023-11-19,0.0,30555272.0,33475381.0
Peru,2023-11-20,0.0,30555776.0,33475381.0
Peru,2023-11-21,0.0,30556310.0,33475381.0
Peru,2023-11-22,0.0,30557100.0,33475381.0
Peru,2023-11-23,0.0,30558044.0,33475381.0
Peru,2023-11-24,0.0,30558946.0,33475381.0
Peru,2023-11-25,0.0,30559730.0,33475381.0
Peru,2023-11-26,0.0,30560356.0,33475381.0
Peru,2023-11-27,0.0,30560948.0,33475381.0
Peru,2023-11-28,0.0,30561516.0,33475381.0
Peru,2023-11-29,0.0,30561902.0,33475381.0
Peru,2023-11-30,0.0,30562252.0,33475381.0
Peru,2023-12-01,0.0,30562552.0,33475381.0
Peru,2023-12-02,0.0,30562786.0,33475381.0
Peru,2023-12-03,0.0,30562866.0,33475381.0
Peru,2023-12-04,0.0,30563156.0,33475381.0
Peru,2023-12-05,0.0,30563400.0,33475381.0
Peru,2023-12-06,0.0,30563602.0,33475381.0
Peru,2023-12-07,0.0,30563664.0,33475381.0
Peru,2023-12-08,0.0,30563676.0,33475381.0
Peru,2023-12-09,0.0,30563696.0,33475381.0
Peru,2023-12-10,0.0,30563708.0,33475381.0
