fecha,pais,incidencia_7d
2021-01-27,Ecuador,7.556485349142685
2021-01-28,Ecuador,7.929180055056065
2021-01-29,Ecuador,8.504652740745973
2021-01-31,Ecuador,9.480872422041665
2021-02-01,Ecuador,9.54499194133859
2021-02-02,Ecuador,7.219056378842614
2021-02-03,Ecuador,7.233483270684421
2021-02-04,Ecuador,7.659878074008977
2021-02-05,Ecuador,7.307220717875886
2021-02-06,Ecuador,6.993035073320949
2021-02-08,Ecuador,5.450159140238678
2021-02-10,Ecuador,5.551948877122548
2021-02-11,Ecuador,5.660150565936108
2021-02-12,Ecuador,7.218254884851403
2021-02-13,Ecuador,7.292793826034078
2021-02-15,Ecuador,7.891509837469122
2021-02-17,Ecuador,6.528168558418239
2021-02-18,Ecuador,5.709843193391227
2021-02-19,Ecuador,6.082537899304606
2021-02-20,Ecuador,6.982615651435201
2021-02-21,Ecuador,6.649194151091187
2021-02-22,Ecuador,6.947349915821891
2021-02-23,Ecuador,5.824456834134481
2021-02-24,Ecuador,6.177114190267573
2021-02-25,Ecuador,8.463776547194183
2021-02-26,Ecuador,9.06409554661165
2021-02-27,Ecuador,9.075316462488612
2021-02-28,Ecuador,7.615795904492342
2021-03-01,Ecuador,9.202754007091253
2021-03-02,Ecuador,9.136230005820691
2021-03-03,Ecuador,8.772351733810638
2021-03-04,Ecuador,8.570375248025321
2021-03-05,Ecuador,6.865597528718311
2021-03-06,Ecuador,6.789455599553213
2021-03-07,Ecuador,8.290653845092484
2021-03-08,Ecuador,6.690871838634189
2021-03-09,Ecuador,6.613126921486667
2021-03-10,Ecuador,6.723733092273863
2021-03-11,Ecuador,5.906209221238062
2021-03-12,Ecuador,6.589883595741531
2021-03-13,Ecuador,6.528970052409451
2021-03-14,Ecuador,6.1899380941269575
2021-03-15,Ecuador,6.1859306241709
2021-03-16,Ecuador,6.315772650747173
2021-03-17,Ecuador,6.203563491977554
2021-03-18,Ecuador,7.018682881039721
2021-03-19,Ecuador,7.591751084755994
2021-03-20,Ecuador,8.357177846363044
2021-03-21,Ecuador,8.176841698340441
2021-03-22,Ecuador,8.317103146802465
2021-03-23,Ecuador,8.297867291013388
2021-03-24,Ecuador,8.588809609823189
2021-03-25,Ecuador,8.98394614749049
2021-03-26,Ecuador,8.998373039332298
2021-03-27,Ecuador,9.464041048226221
2021-03-28,Ecuador,9.482475410024088
2021-03-29,Ecuador,9.5249545915583
2021-03-30,Ecuador,9.836735754139601
2021-03-31,Ecuador,11.024549849115148
2021-04-01,Ecuador,9.57625020699584
2021-04-02,Ecuador,9.403127504894144
2021-04-03,Ecuador,8.485416884956894
2021-04-04,Ecuador,8.396451051932411
2021-04-05,Ecuador,8.975931207578375
2021-04-06,Ecuador,9.339809479588428
2021-04-07,Ecuador,8.317103146802465
2021-04-08,Ecuador,8.695408310654326
2021-04-09,Ecuador,9.001579015297144
2021-04-10,Ecuador,8.527896066491108
2021-04-11,Ecuador,9.379082685157796
2021-04-12,Ecuador,8.925437086132046
2021-04-13,Ecuador,8.249777651540693
2021-04-14,Ecuador,7.924371091108796
2021-04-15,Ecuador,8.76433679389852
2021-04-16,Ecuador,11.07023500661421
2021-04-17,Ecuador,10.648649167236922
2021-04-18,Ecuador,10.643840203289654
2021-04-19,Ecuador,11.003711005343648
2021-04-20,Ecuador,10.814558423417719
2021-04-21,Ecuador,10.872265990784951
2021-04-22,Ecuador,9.861582067867161
2021-04-23,Ecuador,7.984483140449663
2021-04-24,Ecuador,12.296520813167913
2021-04-25,Ecuador,11.699407789715291
2021-04-26,Ecuador,10.271946991367484
2021-04-27,Ecuador,11.390832603098834
2021-04-28,Ecuador,11.36117732542401
2021-04-29,Ecuador,11.877339455764258
2021-04-30,Ecuador,12.25965208957218
2021-05-01,Ecuador,8.460570571229335
2021-05-02,Ecuador,9.485681385988935
2021-05-03,Ecuador,11.170421755515653
2021-05-04,Ecuador,10.636626757368747
2021-05-05,Ecuador,12.754173882149717
2021-05-06,Ecuador,12.33178654878122
2021-05-07,Ecuador,11.732269043354965
2021-05-08,Ecuador,12.043248711945054
2021-05-09,Ecuador,11.487011882044225
2021-05-10,Ecuador,10.417017403776777
2021-05-11,Ecuador,11.232136792838945
2021-05-12,Ecuador,9.099361282224956
2021-05-13,Ecuador,9.28450639419483
2021-05-14,Ecuador,8.380421172108177
2021-05-15,Ecuador,8.10631022711382
2021-05-16,Ecuador,8.495034812851433
2021-05-17,Ecuador,7.88109041558337
2021-05-18,Ecuador,7.061162062573933
2021-05-19,Ecuador,7.110053196037839
2021-05-20,Ecuador,6.632362777275743
2021-05-21,Ecuador,7.591751084755993
2021-05-22,Ecuador,7.709570701464094
2021-05-23,Ecuador,6.668430006880263
2021-05-24,Ecuador,6.990630591347315
2021-05-25,Ecuador,6.674841958809957
2021-05-26,Ecuador,6.973799217531871
2021-05-27,Ecuador,6.6716359828451095
2021-05-28,Ecuador,5.669768493830647
2021-05-29,Ecuador,5.244976678488515
2021-05-30,Ecuador,5.5311100333510455
2021-05-31,Ecuador,5.6024429985688755
2021-06-01,Ecuador,5.48141740589593
2021-06-02,Ecuador,6.0296392958846425
2021-06-03,Ecuador,6.118605128909127
2021-06-04,Ecuador,6.0015870061922385
2021-06-05,Ecuador,6.070515489436433
2021-06-06,Ecuador,5.360391813222981
2021-06-07,Ecuador,5.219328870769744
2021-06-08,Ecuador,5.371612729099943
2021-06-09,Ecuador,4.2439106834652645
2021-06-10,Ecuador,4.011477426013909
2021-06-11,Ecuador,4.974071709459004
2021-06-12,Ecuador,5.115134651912241
2021-06-13,Ecuador,5.353178367302077
2021-06-14,Ecuador,5.274631956163343
2021-06-15,Ecuador,5.12956154375405
2021-06-16,Ecuador,5.120745109850722
2021-06-17,Ecuador,5.8589210757565775
2021-06-18,Ecuador,5.0638390364746995
2021-06-19,Ecuador,5.830067292072961
2021-06-20,Ecuador,5.993572066280121
2021-06-21,Ecuador,6.016815392025257
2021-06-22,Ecuador,6.006395970139507
2021-06-23,Ecuador,6.25325611943267
2021-06-24,Ecuador,6.353442868334116
2021-06-25,Ecuador,5.724270085233035
2021-06-26,Ecuador,6.282911397107498
2021-06-27,Ecuador,6.232417275661169
2021-06-28,Ecuador,6.327795060615346
2021-06-29,Ecuador,7.301610259937404
2021-06-30,Ecuador,8.265807531364924
2021-07-01,Ecuador,7.531639035415125
2021-07-02,Ecuador,8.059022081632339
2021-07-03,Ecuador,7.151730883580841
2021-07-04,Ecuador,7.037117242837586
2021-07-05,Ecuador,6.2564620953975165
2021-07-06,Ecuador,5.535117503307104
2021-07-07,Ecuador,5.179254171209166
2021-07-08,Ecuador,5.229748292655495
2021-07-09,Ecuador,5.081471904281355
2021-07-10,Ecuador,3.7838531325098224
2021-07-11,Ecuador,4.675915944728301
2021-07-12,Ecuador,4.972468721476582
2021-07-13,Ecuador,4.620612859334702
2021-07-14,Ecuador,5.5551548530873935
2021-07-15,Ecuador,5.392451572871444
2021-07-16,Ecuador,5.4854248758519875
2021-07-17,Ecuador,6.2268068177226885
2021-07-18,Ecuador,5.802015002380556
2021-07-19,Ecuador,6.18673211816211
2021-07-20,Ecuador,6.330199542588981
2021-07-21,Ecuador,5.6617535539185315
2021-07-22,Ecuador,5.496645791728947
2021-07-23,Ecuador,5.660150565936108
2021-07-24,Ecuador,5.668966999839435
2021-07-25,Ecuador,4.412224421619694
2021-07-26,Ecuador,3.730954529089859
2021-07-27,Ecuador,5.317912631688769
2021-07-28,Ecuador,4.6382457271413555
2021-07-29,Ecuador,4.102046247020816
2021-07-30,Ecuador,4.7199981142449365
2021-07-31,Ecuador,4.667901004816184
2021-08-01,Ecuador,5.331538029539365
2021-08-02,Ecuador,5.51267567155318
2021-08-03,Ecuador,3.8111039282110157
2021-08-04,Ecuador,4.2928018169291695
2021-08-05,Ecuador,4.61981136534349
2021-08-06,Ecuador,3.897665279261865
2021-08-07,Ecuador,3.7197336132128966
2021-08-08,Ecuador,3.5738617068123912
2021-08-09,Ecuador,3.6756514436962604
2021-08-10,Ecuador,3.6572170818983945
2021-08-11,Ecuador,2.6240913272266804
2021-08-12,Ecuador,2.926254561913442
2021-08-13,Ecuador,2.5896270856045827
2021-08-14,Ecuador,2.535125494202196
2021-08-15,Ecuador,2.394864045740171
2021-08-16,Ecuador,2.2690294891199545
2021-08-17,Ecuador,2.2842578749529747
2021-08-18,Ecuador,2.7106526782775298
2021-08-19,Ecuador,2.8004200052932258
2021-08-20,Ecuador,2.655349592883932
2021-08-21,Ecuador,2.842899186827439
2021-08-22,Ecuador,3.0416696966479084
2021-08-23,Ecuador,2.9358724898079807
2021-08-24,Ecuador,2.8957977902474026
2021-08-25,Ecuador,2.7659557636711276
2021-08-26,Ecuador,2.3956655397313824
2021-08-27,Ecuador,2.407687949599556
2021-08-28,Ecuador,2.0430081835982916
2021-08-29,Ecuador,1.9516378686001727
2021-08-30,Ecuador,1.9732782063628849
2021-08-31,Ecuador,1.9820946402662123
2021-09-08,Ecuador,1.6478716459309874
2021-09-09,Ecuador,1.5989805124670817
2021-09-10,Ecuador,1.2359037344482402
2021-09-11,Ecuador,0.9473658976120751
2021-09-12,Ecuador,1.1180841177401395
2021-09-13,Ecuador,1.1950275408964504
2021-09-14,Ecuador,1.1589603112919298
2021-09-15,Ecuador,1.1317095155907364
2021-09-20,Ecuador,1.180600649054642
2021-09-21,Ecuador,1.2038439747997776
2021-09-22,Ecuador,1.2174693726503742
2021-09-23,Ecuador,0.8912613182272651
2021-09-24,Ecuador,0.867216498490918
2021-09-25,Ecuador,1.0707959722586569
2021-09-26,Ecuador,1.228690288527336
2021-09-27,Ecuador,1.22548431256249
2021-09-28,Ecuador,1.3240680734815131
2021-09-29,Ecuador,1.3665472550157263
2021-09-30,Ecuador,1.4482996421193064
2021-10-01,Ecuador,1.623025332203429
2021-10-02,Ecuador,1.8586645656196306
2021-10-03,Ecuador,2.0414051956158685
2021-10-04,Ecuador,1.9412184467144222
2021-10-05,Ecuador,1.842634685795399
2021-10-06,Ecuador,1.7865301064105892
2021-10-07,Ecuador,1.6663060077288538
2021-10-08,Ecuador,1.5492878850119642
2021-10-09,Ecuador,1.219873854624009
2021-10-10,Ecuador,1.0251108147595975
2021-10-11,Ecuador,0.8367597268248784
2021-10-12,Ecuador,0.8736284504206108
2021-10-13,Ecuador,0.895268788183323
2021-10-14,Ecuador,1.1100691778280238
2021-10-15,Ecuador,1.1862111069931232
2021-10-16,Ecuador,1.1645707692304106
2021-10-17,Ecuador,1.1252975636610436
2021-10-18,Ecuador,1.2727724580439725
2021-10-19,Ecuador,1.3080381936572816
2021-10-20,Ecuador,1.3304800254112055
2021-10-21,Ecuador,1.1100691778280238
2021-10-22,Ecuador,1.3064352056748587
2021-10-23,Ecuador,1.514823643389867
2021-10-24,Ecuador,1.6102014283440436
2021-10-25,Ecuador,1.6422611879925066
2021-10-26,Ecuador,1.5677222468098306
2021-10-27,Ecuador,1.5452804150559065
2021-10-28,Ecuador,1.4202473524269017
2021-10-29,Ecuador,1.2110574207206817
2021-10-30,Ecuador,1.1124736598016587
2021-10-31,Ecuador,1.298420265762743
2021-11-01,Ecuador,1.2791844099736651
2021-11-02,Ecuador,1.3064352056748587
2021-11-03,Ecuador,2.0165588818883102
2021-11-04,Ecuador,1.8947317952241514
2021-11-05,Ecuador,1.6887478394827777
2021-11-06,Ecuador,1.9468289046529033
2021-11-07,Ecuador,1.6382537180364487
2021-11-08,Ecuador,1.7504628768060684
2021-11-09,Ecuador,1.779316660489685
2021-11-10,Ecuador,1.1100691778280238
2021-11-11,Ecuador,1.0715974662498684
2021-11-12,Ecuador,1.0307212726980783
2021-11-13,Ecuador,0.5618472878393097
2021-11-14,Ecuador,1.846642155751457
2021-11-15,Ecuador,1.8530541076811495
2021-11-16,Ecuador,1.8514511196987264
2021-11-17,Ecuador,2.269830983111166
2021-11-18,Ecuador,2.269830983111166
2021-11-19,Ecuador,2.5832151336748903
2021-11-20,Ecuador,3.0416696966479084
2021-11-21,Ecuador,2.0582365694313114
2021-11-22,Ecuador,2.014154399914675
2021-11-23,Ecuador,2.0526261114928306
2021-11-24,Ecuador,1.6350477420716025
2021-11-25,Ecuador,1.998124520090444
2021-11-26,Ecuador,2.0959067870182553
2021-11-27,Ecuador,1.9836976282486354
2021-11-28,Ecuador,1.835421239874495
2021-11-29,Ecuador,1.926791554872614
2021-11-30,Ecuador,1.9612557964947115
2021-12-01,Ecuador,1.9540423505738074
2021-12-02,Ecuador,1.9620572904859233
2021-12-03,Ecuador,1.8354212398744951
2021-12-04,Ecuador,1.8201928540414751
2021-12-05,Ecuador,1.966064760441981
2021-12-06,Ecuador,2.0510231235104075
2021-12-07,Ecuador,2.0430081835982916
2021-12-08,Ecuador,2.07266346127312
2021-12-09,Ecuador,1.7015717433421627
2021-12-10,Ecuador,1.9540423505738074
2021-12-11,Ecuador,2.9703367314300784
2021-12-12,Ecuador,3.077736926252429
2021-12-13,Ecuador,3.2187998687056654
2021-12-14,Ecuador,3.2925373158971305
2021-12-15,Ecuador,3.3117731716862076
2021-12-16,Ecuador,3.783051638518611
2021-12-17,Ecuador,3.7117186733007808
2021-12-18,Ecuador,2.8909888263001333
2021-12-19,Ecuador,2.964726273491597
2021-12-20,Ecuador,2.8741574524846905
2021-12-21,Ecuador,2.8653410185813626
2021-12-22,Ecuador,2.9110261760804224
2021-12-23,Ecuador,3.239638712477166
2021-12-24,Ecuador,3.4303942823855196
2021-12-25,Ecuador,3.773433710624072
2021-12-26,Ecuador,4.199027019957415
2021-12-27,Ecuador,4.252727117368591
2021-12-28,Ecuador,4.255131599342226
2021-12-29,Ecuador,4.600575509554412
2021-12-30,Ecuador,4.71679213828009
2021-12-31,Ecuador,5.420503862563849
2022-01-01,Ecuador,5.6617535539185315
2022-01-02,Ecuador,6.452026629253139
2022-01-03,Ecuador,7.644649688175957
2022-01-04,Ecuador,8.001314514265106
2022-01-05,Ecuador,8.208099963997691
2022-01-06,Ecuador,8.281837411189155
2022-01-07,Ecuador,9.195540561170345
2022-01-08,Ecuador,10.230269303824484
2022-01-09,Ecuador,9.511329193707706
2022-01-10,Ecuador,10.113251181107595
2022-01-11,Ecuador,12.028821820103246
2022-01-12,Ecuador,12.810278461534526
2022-01-13,Ecuador,19.307188754295517
2022-01-14,Ecuador,25.325607134303198
2022-01-15,Ecuador,27.021568419706878
2022-01-16,Ecuador,33.38783519190038
2022-01-17,Ecuador,39.909591798388924
2022-01-18,Ecuador,46.26784363067031
2022-01-19,Ecuador,48.34852203185556
2022-01-20,Ecuador,48.57855080733327
2022-01-21,Ecuador,48.63946435066534
2022-01-22,Ecuador,51.6009846481921
2022-01-23,Ecuador,49.469812125560544
2022-01-24,Ecuador,48.835830378512185
2022-01-25,Ecuador,45.14254606700927
2022-01-26,Ecuador,43.73031365449448
2022-01-27,Ecuador,42.289227458296075
2022-01-28,Ecuador,38.51338926569837
2022-01-29,Ecuador,39.41667299379382
2022-01-30,Ecuador,42.01511651330173
2022-01-31,Ecuador,40.85455321402737
2022-02-01,Ecuador,38.77467630683335
2022-02-02,Ecuador,38.447666758419025
2022-02-03,Ecuador,37.99001368943722
2022-02-04,Ecuador,38.6400253163098
2022-02-05,Ecuador,36.396643634908614
2022-02-06,Ecuador,35.45488819523502
2022-02-07,Ecuador,32.430049872402556
2022-02-08,Ecuador,31.570046819832537
2022-02-09,Ecuador,31.680652990619738
2022-02-10,Ecuador,30.698822851385565
2022-02-11,Ecuador,28.574062280683695
2022-02-12,Ecuador,29.056561663393058
2022-02-13,Ecuador,26.047753220384823
2022-02-14,Ecuador,24.711662737035134
2022-02-15,Ecuador,24.037606290426204
2022-02-16,Ecuador,23.0469597172887
2022-02-17,Ecuador,21.439162770918294
2022-02-18,Ecuador,22.005017528713662
2022-02-19,Ecuador,19.144485474079566
2022-02-20,Ecuador,17.434097296834075
2022-02-21,Ecuador,17.256967124776317
2022-02-22,Ecuador,16.627794341675237
2022-02-23,Ecuador,16.207009996289163
2022-02-24,Ecuador,15.143427469951408
2022-02-25,Ecuador,13.033093791091344
2022-02-26,Ecuador,12.01118895229659
2022-02-27,Ecuador,11.413274434852758
2022-02-28,Ecuador,10.460298079302202
2022-03-01,Ecuador,10.035506263960071
2022-03-02,Ecuador,9.82150736830658
2022-03-03,Ecuador,8.054213117685068
2022-03-04,Ecuador,6.952158879769158
2022-03-05,Ecuador,6.777433189685036
2022-03-06,Ecuador,6.979409675470352
2022-03-07,Ecuador,7.123678593888434
2022-03-08,Ecuador,7.348096911427675
2022-03-09,Ecuador,7.348096911427675
2022-03-10,Ecuador,8.390840593993927
2022-03-11,Ecuador,9.407134974850198
2022-03-12,Ecuador,8.681782912803728
2022-03-13,Ecuador,7.974865212555122
2022-03-14,Ecuador,6.7990735274477485
2022-03-15,Ecuador,6.260469565353573
2022-03-16,Ecuador,6.200357516012706
2022-03-17,Ecuador,5.614465408437048
2022-03-18,Ecuador,5.278639426119399
2022-03-19,Ecuador,4.682327896657992
2022-03-20,Ecuador,3.960181810576367
2022-03-21,Ecuador,3.7405724569843963
2022-03-22,Ecuador,3.710115685318357
2022-03-23,Ecuador,3.6492021419862772
2022-03-24,Ecuador,3.2724999661168392
2022-03-25,Ecuador,2.5094776864834247
2022-03-26,Ecuador,2.8364872348977452
2022-03-27,Ecuador,3.1162086378305838
2022-03-28,Ecuador,3.8672085075958242
2022-03-29,Ecuador,3.93132802689275
2022-03-30,Ecuador,3.9714027264533285
2022-03-31,Ecuador,4.041132703688736
2022-04-04,Ecuador,3.9770131843918093
2022-04-05,Ecuador,3.229219290591415
2022-04-06,Ecuador,2.5559643379736956
2022-04-07,Ecuador,1.86908398750538
2022-04-08,Ecuador,2.0959067870182544
2022-04-09,Ecuador,2.095105293027043
2022-04-10,Ecuador,1.8626720355756876
2022-04-11,Ecuador,2.4429536852128644
2022-04-12,Ecuador,2.3579953221444376
2022-04-13,Ecuador,2.458182071045884
2022-04-14,Ecuador,2.1760561861394114
2022-04-15,Ecuador,1.9812931462749996
2022-04-16,Ecuador,2.0277797977652705
2022-04-17,Ecuador,2.1183486187721785
2022-04-18,Ecuador,1.2823903859385104
2022-04-19,Ecuador,1.2992217597539535
2022-04-20,Ecuador,1.2078514447558342
2022-04-21,Ecuador,1.270367976070337
2022-04-22,Ecuador,1.3136486515957615
2022-04-23,Ecuador,1.204645468790988
2022-04-24,Ecuador,1.0683914902850211
2022-04-25,Ecuador,1.155754335327082
2022-04-26,Ecuador,1.1228930816874079
2022-04-27,Ecuador,1.1236945756786194
2022-04-28,Ecuador,1.1220915876961963
2022-04-29,Ecuador,1.0635825263377519
2022-04-30,Ecuador,1.1277020456346774
2022-05-01,Ecuador,1.1188856117313501
2022-05-02,Ecuador,1.1757916851073718
2022-05-03,Ecuador,1.1309080215995235
2022-05-04,Ecuador,1.2631545301494327
2022-05-05,Ecuador,1.1108706718192345
2022-05-06,Ecuador,1.1236945756786196
2022-05-07,Ecuador,1.1236945756786196
2022-05-08,Ecuador,1.0740019482235021
2022-05-09,Ecuador,1.0074779469529418
2022-05-10,Ecuador,1.0683914902850211
2022-05-11,Ecuador,0.9161076319548229
2022-05-12,Ecuador,0.8736284504206095
2022-05-13,Ecuador,0.8447746667369931
2022-05-14,Ecuador,0.8760329323942442
2022-05-15,Ecuador,0.969807729365998
2022-05-16,Ecuador,1.0539645984432129
2022-05-17,Ecuador,1.1509453713798128
2022-05-18,Ecuador,1.1725857091425254
2022-05-19,Ecuador,1.199035010852507
2022-05-20,Ecuador,1.2375067224306626
2022-05-21,Ecuador,1.167776745195256
2022-05-22,Ecuador,1.290405325850626
2022-05-23,Ecuador,1.4579175700138443
2022-05-24,Ecuador,1.710388177245489
2022-05-25,Ecuador,1.7713017205775685
2022-05-26,Ecuador,1.7696987325951452
2022-05-27,Ecuador,1.6005835004495037
2022-05-28,Ecuador,1.8730914574614377
2022-05-29,Ecuador,1.9235855789077667
2022-05-30,Ecuador,2.0662515093434264
2022-05-31,Ecuador,2.030985773730117
2022-06-01,Ecuador,2.054229099475253
2022-06-02,Ecuador,2.1087306908776395
2022-06-03,Ecuador,2.695424292444509
2022-06-04,Ecuador,5.733888013127571
2022-06-05,Ecuador,5.782779146591477
2022-06-06,Ecuador,6.102575249084894
2022-06-07,Ecuador,6.395120555877118
2022-06-08,Ecuador,6.440805713376177
2022-06-09,Ecuador,6.429584797499214
2022-06-10,Ecuador,6.433592267455272
2022-06-11,Ecuador,3.9361369908400197
2022-06-12,Ecuador,4.187004610089241
2022-06-13,Ecuador,4.19662253798378
2022-06-14,Ecuador,4.351310878287613
2022-06-15,Ecuador,4.435467747364828
2022-06-16,Ecuador,4.367340758111845
2022-06-17,Ecuador,4.771293729682475
2022-06-18,Ecuador,4.9836896373535415
2022-06-19,Ecuador,5.297875281908477
2022-06-20,Ecuador,5.58481013076222
2022-06-21,Ecuador,5.892583823387462
2022-06-23,Ecuador,5.802015002380555
2022-06-24,Ecuador,7.029102302925469
2022-06-25,Ecuador,7.20302649901838
2022-06-26,Ecuador,7.045132182749701
2022-06-27,Ecuador,7.221460860816246
2022-06-28,Ecuador,7.022690350995776
2022-06-29,Ecuador,6.373480218114405
2022-06-30,Ecuador,6.470460991051005
2022-07-01,Ecuador,6.69247482661661
2022-07-02,Ecuador,6.526565570435814
2022-07-03,Ecuador,6.508131208637948
2022-07-04,Ecuador,6.23321876965238
2022-07-05,Ecuador,6.117803634917914
2022-07-06,Ecuador,5.912621173167752
2022-07-07,Ecuador,5.769955242732093
2022-07-08,Ecuador,5.715453651329706
2022-07-09,Ecuador,5.619274372384317
2022-07-10,Ecuador,5.8485016538708265
2022-07-11,Ecuador,6.247645661494189
2022-07-12,Ecuador,6.661216560959359
2022-07-13,Ecuador,6.706901718458418
2022-07-14,Ecuador,6.779837671658671
2022-07-15,Ecuador,7.377752189102503
2022-07-16,Ecuador,8.66174556302344
2022-07-17,Ecuador,9.32618408173783
2022-07-18,Ecuador,9.770211752869042
2022-07-19,Ecuador,10.776888205830772
2022-07-20,Ecuador,10.94440044999399
2022-07-21,Ecuador,11.083860404464803
2022-07-22,Ecuador,12.258850595580967
2022-07-23,Ecuador,12.49048235904111
2022-07-24,Ecuador,13.12205962411583
2022-07-25,Ecuador,13.7921086007687
2022-07-26,Ecuador,14.9350390322364
2022-07-27,Ecuador,15.246820194817701
2022-07-28,Ecuador,15.513717693891154
2022-07-29,Ecuador,14.34353646672226
2022-07-30,Ecuador,14.47578297527217
2022-07-31,Ecuador,13.770468263005986
2022-08-01,Ecuador,14.417273913913723
2022-08-02,Ecuador,14.106294245323635
2022-08-03,Ecuador,14.417273913913723
2022-08-04,Ecuador,14.656920617285985
2022-08-05,Ecuador,13.752835395199332
2022-08-06,Ecuador,13.719172647568447
2022-08-07,Ecuador,12.530557058601687
2022-08-08,Ecuador,10.012262938214935
2022-08-09,Ecuador,7.429047804540043
2022-08-10,Ecuador,6.440004219384965
2022-08-11,Ecuador,5.748314904969381
2022-08-12,Ecuador,5.313103667741497
2022-08-13,Ecuador,3.1931520609868937
2022-08-14,Ecuador,2.904614224150729
2022-08-15,Ecuador,2.633709255121218
2022-08-16,Ecuador,2.2169323796912015
2022-08-17,Ecuador,2.143194932499737
2022-08-18,Ecuador,2.062244039387368
2022-08-19,Ecuador,3.4512331261570197
2022-08-20,Ecuador,3.2508596283541267
2022-08-21,Ecuador,3.72213809518653
2022-08-22,Ecuador,4.170173236273798
2022-11-18,Ecuador,4.090023837152641
2022-12-02,Ecuador,4.041132703688736
2022-12-07,Ecuador,3.9818221483390794
2022-12-09,Ecuador,1.9348064947847288
2022-12-15,Ecuador,1.6679089957112758
2022-12-16,Ecuador,0.8119134130973187
2022-12-22,Ecuador,0.0
2023-01-03,Ecuador,0.0
2023-01-06,Ecuador,0.0
2023-01-12,Ecuador,0.0
2023-01-13,Ecuador,0.0
2023-01-20,Ecuador,0.0
2023-01-27,Ecuador,0.0
2023-02-03,Ecuador,0.0
2023-02-10,Ecuador,0.0
2023-02-17,Ecuador,0.0
2023-02-24,Ecuador,0.0
2023-03-03,Ecuador,0.0
2023-03-10,Ecuador,0.0
2023-03-17,Ecuador,0.0
2023-03-31,Ecuador,0.0
2023-12-29,Ecuador,0.0
2021-02-15,Peru,19.940880476567884
2021-02-16,Peru,20.740188566807177
2021-02-17,Peru,20.17687480326427
2021-02-18,Peru,20.46322596639858
2021-02-19,Peru,20.75512491659809
2021-02-20,Peru,21.12213236860332
2021-02-21,Peru,20.814870315761734
2021-02-22,Peru,20.780303334817056
2021-02-23,Peru,20.488831137468715
2021-02-24,Peru,20.59338558600509
2021-02-25,Peru,20.811883045803548
2021-02-26,Peru,20.76664724357965
2021-02-27,Peru,20.022390271141138
2021-02-28,Peru,19.989103548749966
2021-03-01,Peru,20.468773753463775
2021-03-02,Peru,19.84230056794787
2021-03-03,Peru,19.708300172680847
2021-03-04,Peru,19.118527732365465
2021-03-05,Peru,18.849673436129077
2021-03-06,Peru,17.55021100431986
2021-03-07,Peru,17.894173802361973
2021-03-08,Peru,17.53996893589181
2021-03-09,Peru,17.655192205707404
2021-03-10,Peru,17.722192403340916
2021-03-11,Peru,17.806689467872353
2021-03-12,Peru,18.131875140463034
2021-03-13,Peru,19.08609451567663
2021-03-14,Peru,18.91197935239973
2021-03-15,Peru,18.34994584741033
2021-03-16,Peru,17.59502005369259
2021-03-17,Peru,18.993489146972987
2021-03-18,Peru,20.3053274114661
2021-03-19,Peru,20.544309008120667
2021-03-20,Peru,20.88955206471628
2021-03-21,Peru,20.925826057065642
2021-03-22,Peru,22.539378587335143
2021-03-23,Peru,23.010513735025576
2021-03-24,Peru,22.966131438504014
2021-03-25,Peru,22.897424229465827
2021-03-26,Peru,24.29119904138336
2021-03-27,Peru,24.30101435696025
2021-03-28,Peru,25.920541427146112
2021-03-29,Peru,25.68796112325908
2021-03-30,Peru,27.122704208888827
2021-03-31,Peru,25.746426263869218
2021-04-01,Peru,25.100749200050718
2021-04-02,Peru,24.02106448659347
2021-04-03,Peru,26.142026156902766
2021-04-04,Peru,23.88151630426125
2021-04-05,Peru,22.612780077736193
2021-04-06,Peru,22.398123393598247
2021-04-07,Peru,24.362466767528566
2021-04-08,Peru,24.971869838997716
2021-04-09,Peru,25.217252728419815
2021-04-10,Peru,23.95833181747164
2021-04-11,Peru,25.679426066235703
2021-04-12,Peru,28.08289812401879
2021-04-13,Peru,27.8784835083089
2021-04-14,Peru,26.93279919011868
2021-04-15,Peru,26.08057374633444
2021-04-16,Peru,25.53646386109413
2021-04-17,Peru,26.97035344102154
2021-04-18,Peru,25.832203586954158
2021-04-19,Peru,24.691493215779765
2021-04-20,Peru,24.35179794624934
2021-04-21,Peru,23.24394754461495
2021-04-22,Peru,25.341011055258786
2021-04-23,Peru,25.2078641656941
2021-04-24,Peru,22.84962791013491
2021-04-25,Peru,24.15591838756283
2021-04-26,Peru,24.121778159469322
2021-04-27,Peru,24.24724349771297
2021-04-28,Peru,25.7754454577487
2021-04-29,Peru,23.88706409132644
2021-04-30,Peru,24.12561893512984
2021-05-01,Peru,24.492199634283903
2021-05-02,Peru,22.955035864373627
2021-05-03,Peru,21.664108489587786
2021-05-04,Peru,21.091406163319164
2021-05-05,Peru,19.605452735549147
2021-05-06,Peru,18.61794663794438
2021-05-07,Peru,17.54722373436168
2021-05-08,Peru,17.357318715591532
2021-05-09,Peru,17.078649103778258
2021-05-10,Peru,17.130286198769692
2021-05-11,Peru,16.76797302812732
2021-05-12,Peru,16.747062138420045
2021-05-13,Peru,16.87807526372889
2021-05-14,Peru,17.57453591683649
2021-05-15,Peru,17.345369635758804
2021-05-16,Peru,16.892584860668627
2021-05-17,Peru,16.8738077352172
2021-05-18,Peru,16.541794017007817
2021-05-19,Peru,17.0547509441128
2021-05-20,Peru,16.92544483020863
2021-05-21,Peru,16.20636627598908
2021-05-22,Peru,15.808632618699693
2021-05-23,Peru,15.583733866133699
2021-05-24,Peru,15.471924619127455
2021-05-25,Peru,15.464243067806416
2021-05-26,Peru,14.334201517911241
2021-05-27,Peru,14.661094201906598
2021-05-28,Peru,14.351698384809165
2021-05-29,Peru,13.52550486494623
2021-05-30,Peru,13.651396956041046
2021-05-31,Peru,13.143987816001257
2021-06-01,Peru,12.87940104827656
2021-06-02,Peru,13.716263389418716
2021-06-03,Peru,12.30413820490092
2021-06-04,Peru,12.028882615896995
2021-06-05,Peru,11.36826920228758
2021-06-06,Peru,12.209825824792597
2021-06-07,Peru,12.26487694259338
2021-06-08,Peru,11.992181870696472
2021-06-09,Peru,11.067835195064694
2021-06-10,Peru,11.456607042479536
2021-06-11,Peru,10.997847727473001
2021-06-12,Peru,11.336262738449916
2021-06-13,Peru,9.341619912086609
2021-06-14,Peru,8.820127927958248
2021-06-15,Peru,8.558528430191728
2021-06-16,Peru,8.216272643554293
2021-06-17,Peru,8.340457723244436
2021-06-18,Peru,10.236520640987733
2021-06-19,Peru,10.43794798673944
2021-06-20,Peru,10.721311879915572
2021-06-21,Peru,10.954745689504945
2021-06-22,Peru,11.095574130390672
2021-06-23,Peru,11.248778403960298
2021-06-24,Peru,11.150625248191457
2021-06-25,Peru,9.07233886299905
2021-06-26,Peru,8.73563086342681
2021-06-27,Peru,8.570477510024457
2021-06-28,Peru,8.248279107391959
2021-06-29,Peru,7.890660218112443
2021-06-30,Peru,8.089527046757139
2021-07-01,Peru,7.877430879726208
2021-07-02,Peru,7.692646895170086
2021-07-03,Peru,7.411843519100969
2021-07-04,Peru,7.289792203666671
2021-07-05,Peru,7.278269876685111
2021-07-06,Peru,7.253944964168487
2021-07-07,Peru,7.301741283499401
2021-07-08,Peru,7.24882392995446
2021-07-09,Peru,7.3239324317601815
2021-07-10,Peru,7.09775342064068
2021-07-11,Peru,5.907112965879527
2021-07-12,Peru,6.701300021904797
2021-07-13,Peru,6.684656660709211
2021-07-14,Peru,6.350082425392816
2021-07-15,Peru,6.194744387567346
2021-07-16,Peru,6.079521117751751
2021-07-17,Peru,5.956189543763947
2021-07-18,Peru,6.823351337339095
2021-07-19,Peru,5.680080449057686
2021-07-20,Peru,5.5379717496184515
2021-07-21,Peru,5.499990745864422
2021-07-22,Peru,5.3113659856477815
2021-07-23,Peru,5.090308008742305
2021-07-24,Peru,4.856020693450595
2021-07-25,Peru,4.678918260215513
2021-07-26,Peru,4.599968982749272
2021-07-27,Peru,4.540650336436799
2021-07-28,Peru,4.5065101083432895
2021-07-29,Peru,4.420306032407177
2021-07-30,Peru,4.29398718846119
2021-07-31,Peru,3.8719286186551756
2021-08-01,Peru,3.4801695012821514
2021-08-02,Peru,3.6227049535725544
2021-08-03,Peru,3.758412360244256
2021-08-04,Peru,4.028546915034152
2021-08-05,Peru,4.3874460628671725
2021-08-06,Peru,4.777498168835522
2021-08-07,Peru,5.319901042671158
2021-08-08,Peru,5.660023065052749
2021-08-09,Peru,5.434697559635586
2021-08-10,Peru,5.182486624594781
2021-08-11,Peru,4.866262761878647
2021-08-12,Peru,4.43054810083523
2021-08-13,Peru,4.031960937843502
2021-08-14,Peru,3.8224252879195864
2021-08-15,Peru,3.7468900332626967
2021-08-16,Peru,3.7153103222761996
2021-08-17,Peru,3.6133163908468395
2021-08-18,Peru,3.6346540334052833
2021-08-19,Peru,3.7524378203278914
2021-08-20,Peru,3.7464632804115277
2021-08-21,Peru,3.6905586569084052
2021-08-22,Peru,3.723418626448408
2021-08-23,Peru,3.585150702669694
2021-08-24,Peru,3.559545531599561
2021-08-25,Peru,3.49937337958475
2021-08-26,Peru,3.3559844215920096
2021-08-27,Peru,3.3098951136657715
2021-08-28,Peru,3.2019266423200468
2021-08-29,Peru,3.0824358439927626
2021-08-30,Peru,3.065792482797176
2021-08-31,Peru,3.0188496691686004
2021-09-01,Peru,2.9983655323124947
2021-09-02,Peru,2.694944255131427
2021-09-03,Peru,2.5430202401153084
2021-09-04,Peru,2.5387527116036197
2021-09-05,Peru,2.47815380673764
2021-09-06,Peru,2.4380390387277657
2021-09-07,Peru,2.47815380673764
2021-09-08,Peru,2.5250966203662157
2021-09-09,Peru,2.7504221257833805
2021-09-10,Peru,2.7849891067280588
2021-09-11,Peru,2.720549426201559
2021-09-12,Peru,2.6518422171633707
2021-09-13,Peru,2.6437339129911623
2021-09-14,Peru,2.5827082552740133
2021-09-15,Peru,2.496504179337901
2021-09-16,Peru,2.4935169093797187
2021-09-17,Peru,2.4649244683514047
2021-09-18,Peru,2.5122940348311493
2021-09-19,Peru,2.657390004228566
2021-09-20,Peru,2.599778369320768
2021-09-21,Peru,2.5272303846220603
2021-09-22,Peru,2.6859824452568803
2021-09-23,Peru,2.6189822476233675
2021-09-24,Peru,2.6095936848976526
2021-09-25,Peru,2.601058627874275
2021-09-26,Peru,2.492663403677381
2021-09-27,Peru,2.49309015652855
2021-09-28,Peru,2.571612681143623
2021-09-29,Peru,2.433344757364908
2021-09-30,Peru,2.470045502565431
2021-10-01,Peru,2.5084532591706297
2021-10-02,Peru,2.4947971679332257
2021-10-03,Peru,2.5216825975568646
2021-10-04,Peru,2.5118672819799808
2021-10-05,Peru,2.519975586152189
2021-10-06,Peru,2.544300498668815
2021-10-07,Peru,2.530644407431411
2021-10-08,Peru,2.5084532591706297
2021-10-09,Peru,2.4687652440119243
2021-10-10,Peru,2.450414871411663
2021-10-11,Peru,2.3223890160610017
2021-10-12,Peru,2.2724589324742435
2021-10-13,Peru,2.287395282265154
2021-10-14,Peru,2.2216753431851477
2021-10-15,Peru,2.160649685467999
2021-10-16,Peru,2.2455735028506045
2021-10-17,Peru,2.2728856853254125
2021-10-18,Peru,2.37957389811763
2021-10-19,Peru,2.4516951299651697
2021-10-20,Peru,2.4410263086859483
2021-10-21,Peru,2.4819945823981593
2021-10-22,Peru,2.5430202401153084
2021-10-23,Peru,2.441453061537117
2021-10-24,Peru,2.467058232607249
2021-10-25,Peru,2.533204924538424
2021-10-26,Peru,2.4965041793379013
2021-10-27,Peru,2.502051966403097
2021-10-28,Peru,2.509733517724136
2021-10-29,Peru,2.4892493808680305
2021-10-30,Peru,2.537899205901282
2021-10-31,Peru,2.4512683771140007
2021-11-01,Peru,2.47815380673764
2021-11-02,Peru,2.533631677389593
2021-11-03,Peru,2.530644407431411
2021-11-04,Peru,2.3979242707178914
2021-11-05,Peru,2.249841031362293
2021-11-06,Peru,2.2993443620978824
2021-11-07,Peru,2.394083495057372
2021-11-08,Peru,2.410300103401789
2021-11-09,Peru,2.4384657915789347
2021-11-10,Peru,2.432918004513739
2021-11-11,Peru,2.6544027342703838
2021-11-12,Peru,2.9100276921205386
2021-11-13,Peru,2.9625182928143095
2021-11-14,Peru,2.9992190380148327
2021-11-15,Peru,2.9838559353727527
2021-11-16,Peru,3.0013528022706772
2021-11-17,Peru,3.1933915852966694
2021-11-18,Peru,3.388844391132013
2021-11-19,Peru,3.4451757674863037
2021-11-20,Peru,3.5211377749943624
2021-11-21,Peru,3.6871446340990537
2021-11-22,Peru,3.982030854256745
2021-11-23,Peru,4.182604694306114
2021-11-24,Peru,4.1582797817894885
2021-11-25,Peru,4.192420009882999
2021-11-26,Peru,4.2717960402004085
2021-11-27,Peru,4.32044586523366
2021-11-28,Peru,4.276490321563267
2021-11-29,Peru,4.212050641036766
2021-11-30,Peru,4.152731994724293
2021-12-01,Peru,4.204795842566896
2021-12-02,Peru,4.137368892082215
2021-12-03,Peru,4.109629956756238
2021-12-04,Peru,4.1309675993146815
2021-12-05,Peru,4.89528195575813
2021-12-06,Peru,4.223572968018327
2021-12-07,Peru,3.985871629917265
2021-12-08,Peru,4.342637013494442
2021-12-09,Peru,4.3878728157183415
2021-12-10,Peru,4.525713986645887
2021-12-11,Peru,4.374216724480938
2021-12-12,Peru,3.5766156456463163
2021-12-13,Peru,4.352879081922494
2021-12-14,Peru,4.676357743108499
2021-12-15,Peru,4.340930002089766
2021-12-16,Peru,4.337089226429247
2021-12-17,Peru,4.2713692873492395
2021-12-18,Peru,4.484745712933676
2021-12-19,Peru,4.632828952289274
2021-12-20,Peru,4.6486188077825235
2021-12-21,Peru,4.671663461745642
2021-12-22,Peru,4.64605829067551
2021-12-23,Peru,4.659714381912914
2021-12-24,Peru,4.711778229755516
2021-12-25,Peru,4.8517531649389065
2021-12-26,Peru,4.69513486855993
2021-12-27,Peru,6.430311961412563
2021-12-28,Peru,5.965578106489661
2021-12-29,Peru,6.468292965166592
2021-12-30,Peru,6.725198181570254
2021-12-31,Peru,7.68027106248619
2022-01-01,Peru,8.835917783451494
2022-01-02,Peru,10.219023774089809
2022-01-03,Peru,9.546461280647666
2022-01-04,Peru,9.977054907477058
2022-01-05,Peru,9.948462466448744
2022-01-06,Peru,11.258593719537183
2022-01-07,Peru,13.250249275942307
2022-01-08,Peru,15.987442063339449
2022-01-09,Peru,19.510713602589654
2022-01-10,Peru,24.54170296501949
2022-01-11,Peru,31.210569770235452
2022-01-12,Peru,35.68293965048523
2022-01-13,Peru,43.83647962491769
2022-01-14,Peru,51.98105778947562
2022-01-15,Peru,61.448996545508216
2022-01-16,Peru,72.6499786301376
2022-01-17,Peru,86.99314195792338
2022-01-18,Peru,98.2867294112564
2022-01-19,Peru,103.93010911511358
2022-01-20,Peru,109.09808614276862
2022-01-21,Peru,120.69296110902688
2022-01-22,Peru,130.73146842707226
2022-01-23,Peru,139.43295906240556
2022-01-24,Peru,141.54581242854263
2022-01-25,Peru,145.1066382186957
2022-01-26,Peru,146.98819153949927
2022-01-27,Peru,150.44403612826477
2022-01-28,Peru,148.16474915017184
2022-01-29,Peru,145.24618640102793
2022-01-30,Peru,137.0785635825069
2022-01-31,Peru,128.99586458136847
2022-02-01,Peru,118.74611460199448
2022-02-02,Peru,112.3546371500383
2022-02-03,Peru,103.02197904782622
2022-02-04,Peru,92.09070476513557
2022-02-05,Peru,80.35414785228924
2022-02-06,Peru,72.78611278966046
2022-02-07,Peru,65.21210318711533
2022-02-08,Peru,59.354066799120226
2022-02-09,Peru,56.91047997332726
2022-02-10,Peru,52.226440678897724
2022-02-11,Peru,47.57696836541287
2022-02-12,Peru,43.745581267618725
2022-02-13,Peru,39.945773880811096
2022-02-14,Peru,36.894917747804826
2022-02-15,Peru,35.07524359042076
2022-02-16,Peru,32.78187376823924
2022-02-17,Peru,30.82990622699282
2022-02-18,Peru,29.305971795468782
2022-02-19,Peru,27.211468801931954
2022-02-20,Peru,24.264313611759725
2022-02-21,Peru,23.571693734312642
2022-02-22,Peru,21.47804424647816
2022-02-23,Peru,20.56265938072093
2022-02-24,Peru,18.815959960886737
2022-02-25,Peru,16.038652405479716
2022-02-26,Peru,13.276281199863607
2022-02-27,Peru,11.475384167930969
2022-02-28,Peru,9.139339060632564
2022-03-01,Peru,8.643879000425503
2022-03-02,Peru,8.263642210034037
2022-03-03,Peru,7.6136976177038465
2022-03-04,Peru,7.13189364873419
2022-03-05,Peru,7.00258753483002
2022-03-06,Peru,6.769153725240648
2022-03-07,Peru,5.776526593421851
2022-03-08,Peru,4.815905925440721
2022-03-09,Peru,4.599542229898103
2022-03-10,Peru,4.3605606332435345
2022-03-11,Peru,4.0114768009873965
2022-03-12,Peru,3.666233744391779
2022-03-13,Peru,4.345624283452623
2022-03-14,Peru,4.176203401538581
2022-03-15,Peru,3.8181577594078973
2022-03-16,Peru,3.757132101690749
2022-03-17,Peru,3.6483101246426863
2022-03-18,Peru,3.6056348395257993
2022-03-19,Peru,3.55271748598086
2022-03-20,Peru,2.313427206186455
2022-03-21,Peru,2.1623566968726746
2022-03-22,Peru,2.0915157235786417
2022-03-23,Peru,2.1986306892220284
2022-03-24,Peru,2.1824140808776114
2022-03-25,Peru,2.016833974624089
2022-03-26,Peru,1.8734450166313479
2022-03-27,Peru,1.8051645604443287
2022-03-28,Peru,1.73645735140614
2022-03-29,Peru,1.7095719217825012
2022-03-30,Peru,1.5508198611476811
2022-03-31,Peru,1.4855266749188434
2022-04-01,Peru,1.500889777560923
2022-04-02,Peru,1.4232207586481882
2022-04-03,Peru,1.3946283176198737
2022-04-04,Peru,1.376704697870781
2022-04-05,Peru,1.34683199828896
2022-04-06,Peru,1.3182395572606453
2022-04-07,Peru,1.2567871466923282
2022-04-08,Peru,1.2013092760403747
2022-04-09,Peru,1.329335131391036
2022-04-10,Peru,1.3592078309728575
2022-04-11,Peru,1.347258751140129
2022-04-12,Peru,1.2721502493344075
2022-04-13,Peru,1.3156790401536325
2022-04-14,Peru,1.4676030551697505
2022-04-15,Peru,1.5785587964736576
2022-04-16,Peru,1.607151237501972
2022-04-17,Peru,1.6549475568328857
2022-04-18,Peru,1.6617756024515877
2022-04-19,Peru,1.7919352220580935
2022-04-20,Peru,1.9562350697581092
2022-04-21,Peru,1.99378932066097
2022-04-22,Peru,1.9882415335957746
2022-04-23,Peru,1.9660503853349933
2022-04-24,Peru,1.9946428263633078
2022-04-25,Peru,2.1149871303929295
2022-04-26,Peru,2.1922293964544957
2022-04-27,Peru,2.2588028412368395
2022-04-28,Peru,2.2024714648825485
2022-04-29,Peru,2.254108559873982
2022-04-30,Peru,2.2686181568137234
2022-05-01,Peru,2.2255161188456674
2022-05-02,Peru,2.2011912063290415
2022-05-03,Peru,2.1179744003511116
2022-05-04,Peru,2.068044316764354
2022-05-05,Peru,2.0787131380435757
2022-05-06,Peru,2.010859434707725
2022-05-07,Peru,2.175159282407741
2022-05-08,Peru,1.9067317390225202
2022-05-09,Peru,1.7381643628108157
2022-05-10,Peru,1.6826864921588622
2022-05-11,Peru,1.5158261273518334
2022-05-12,Peru,1.3519530325029867
2022-05-13,Peru,1.2537998767341458
2022-05-14,Peru,0.9111173372455418
2022-05-15,Peru,1.0626145994104914
2022-05-16,Peru,1.1065701430808852
2022-05-17,Peru,1.127054279936991
2022-05-18,Peru,1.1765576106725801
2022-05-19,Peru,1.2294749642175202
2022-05-20,Peru,1.253373123882977
2022-05-21,Peru,1.2892203633811623
2022-05-22,Peru,1.4338895799274098
2022-05-23,Peru,1.4390106141414363
2022-05-24,Peru,1.544418568380148
2022-05-25,Peru,1.483819663514168
2022-05-26,Peru,1.4594947509975424
2022-05-27,Peru,1.494915237644559
2022-05-28,Peru,1.5896543706040485
2022-05-29,Peru,1.4885139448770257
2022-05-30,Peru,1.810712347509524
2022-05-31,Peru,1.710852180336008
2022-06-01,Peru,1.7232280130199054
2022-06-02,Peru,2.084260925108771
2022-06-03,Peru,1.827782461556279
2022-06-04,Peru,2.0044581419401917
2022-06-05,Peru,2.150407617039946
2022-06-06,Peru,2.0151269632194135
2022-06-07,Peru,2.274592696730088
2022-06-08,Peru,2.313000453335287
2022-06-09,Peru,2.0134199518147384
2022-06-10,Peru,2.397497517866723
2022-06-11,Peru,2.2626436168973596
2022-06-12,Peru,2.2592295940880085
2022-06-13,Peru,2.358236255559187
2022-06-14,Peru,2.347567434279965
2022-06-15,Peru,2.5814279967205067
2022-06-16,Peru,2.783708848174552
2022-06-17,Peru,2.7666387341277967
2022-06-18,Peru,3.0175694106150934
2022-06-19,Peru,3.277461896976937
2022-06-20,Peru,3.449870048849161
2022-06-21,Peru,3.6781828242245074
2022-06-22,Peru,3.916310915176738
2022-06-23,Peru,4.422013043811852
2022-06-24,Peru,5.116339932663607
2022-06-25,Peru,5.7987177416826325
2022-06-26,Peru,6.292897543336187
2022-06-27,Peru,6.6564909725320645
2022-06-28,Peru,7.437448690171101
2022-06-29,Peru,7.099460432045355
2022-06-30,Peru,7.542429891558645
2022-07-01,Peru,8.31186528221612
2022-07-02,Peru,7.782691746766718
2022-07-03,Peru,7.968755989876347
2022-07-04,Peru,9.155555668976978
2022-07-05,Peru,8.791108734078763
2022-07-06,Peru,9.572919957420137
2022-07-07,Peru,9.985163211649267
2022-07-08,Peru,10.716617598552714
2022-07-09,Peru,12.592196379439907
2022-07-10,Peru,14.03547452209303
2022-07-11,Peru,14.562941046137757
2022-07-12,Peru,16.055722519526473
2022-07-13,Peru,18.415239033639164
2022-07-14,Peru,20.063358544853347
2022-07-15,Peru,22.851761674390758
2022-07-16,Peru,24.773856516055357
2022-07-17,Peru,28.675231081441186
2022-07-18,Peru,30.648536265246054
2022-07-19,Peru,31.785832613611095
2022-07-20,Peru,33.38572905264319
2022-07-21,Peru,35.21564527845532
2022-07-22,Peru,35.905277885944216
2022-07-23,Peru,37.35453056851371
2022-07-24,Peru,37.0954915878542
2022-07-25,Peru,37.94430300882908
2022-07-26,Peru,38.17901707697196
2022-07-27,Peru,35.6970224945738
2022-07-28,Peru,36.506999406092326
2022-07-29,Peru,36.62179592305675
2022-07-30,Peru,37.185536439450836
2022-07-31,Peru,33.582035364180875
2022-08-01,Peru,30.374134181944466
2022-08-02,Peru,30.201726030072244
2022-08-03,Peru,29.622195658184914
2022-08-04,Peru,27.510622550601333
2022-08-05,Peru,25.236456606722413
2022-08-06,Peru,21.957714451191976
2022-08-07,Peru,23.897732912605665
2022-08-08,Peru,25.845432925340397
2022-08-09,Peru,24.33686159645843
2022-08-10,Peru,23.825611680758126
2022-08-11,Peru,24.3701483188496
2022-08-12,Peru,25.558228256503746
2022-08-13,Peru,26.65797035396593
2022-08-14,Peru,26.602065730462805
2022-08-15,Peru,25.81982775427026
2022-08-16,Peru,25.910726111569232
2022-08-17,Peru,25.891522233266635
2022-08-18,Peru,24.379110128724154
2022-08-19,Peru,23.01990229775129
2022-08-20,Peru,22.406658450621624
2022-08-21,Peru,20.28185600465181
2022-08-22,Peru,20.726105722718607
2022-08-23,Peru,19.797064765723974
2022-08-24,Peru,19.16248327603586
2022-08-25,Peru,18.420360067853192
2022-08-26,Peru,17.051763674154618
2022-08-27,Peru,15.32554839117653
2022-08-28,Peru,14.208736179667595
2022-08-29,Peru,11.499709080447593
2022-08-30,Peru,11.00211525598469
2022-08-31,Peru,10.674369066286996
2022-09-01,Peru,9.175186300130749
2022-09-02,Peru,7.360206424109536
2022-09-03,Peru,6.881816477949229
2022-09-04,Peru,6.995759489211318
2022-09-05,Peru,6.843835474195201
2022-09-06,Peru,6.542974714121145
2022-09-07,Peru,6.382088889230481
2022-09-08,Peru,6.892485299228452
2022-09-09,Peru,6.366299033737233
2022-09-10,Peru,5.779940616231202
2022-09-11,Peru,5.287467825982325
2022-09-12,Peru,4.967829940456839
2022-09-13,Peru,4.65331308914538
2022-09-14,Peru,4.516752176771341
2022-09-15,Peru,3.763960147309451
2022-09-16,Peru,4.219732192357807
2022-09-17,Peru,3.842482671924523
2022-09-18,Peru,3.286850459702652
2022-09-19,Peru,2.896798353734303
2022-09-20,Peru,2.8447345058917004
2022-09-21,Peru,2.7598106885090954
2022-09-22,Peru,3.213022216450437
2022-09-23,Peru,3.684584116992041
2022-09-24,Peru,3.814743736598547
2022-09-25,Peru,3.837361637710497
2022-09-26,Peru,3.7887118126772457
2022-09-27,Peru,3.6504438888985313
2022-09-28,Peru,3.6192909307632033
2022-09-29,Peru,2.9714801026888553
2022-09-30,Peru,2.46279070409556
2022-10-01,Peru,1.7522472068993884
2022-10-02,Peru,1.8294894729609543
2022-10-03,Peru,1.7812664007788719
2022-10-04,Peru,1.7326165757456202
2022-10-05,Peru,1.7236547658710737
2022-10-06,Peru,1.6626291081539255
2022-10-07,Peru,1.6101385074601542
2022-10-08,Peru,2.0215282559869467
2022-10-09,Peru,1.7245082715734117
2022-10-10,Peru,1.4548004696346848
2022-10-11,Peru,1.4023098689409135
2022-10-12,Peru,1.3835327434894833
2022-10-13,Peru,1.313972028748957
2022-10-14,Peru,1.1057166373785474
2022-10-15,Peru,0.8539324551889129
2022-10-16,Peru,0.710116744345003
2022-10-17,Peru,0.8906332003894359
2022-10-18,Peru,0.9175186300130749
2022-10-19,Peru,0.913677854352555
2022-10-20,Peru,0.8385693525468335
2022-10-21,Peru,0.8385693525468335
2022-10-22,Peru,0.803148865899817
2022-10-23,Peru,0.809976911518519
2022-10-24,Peru,0.7425499610338372
2022-10-25,Peru,0.7519385237595524
2022-10-26,Peru,0.7459639838431882
2022-10-27,Peru,0.7510850180572147
2022-10-28,Peru,0.9350154969109986
2022-10-29,Peru,0.9448308124878827
2022-10-30,Peru,0.9887863561582765
2022-10-31,Peru,1.281112059208954
2022-11-01,Peru,1.5273484543333928
2022-11-02,Peru,1.8538143854775802
2022-11-03,Peru,2.033477335819675
2022-11-04,Peru,2.10346480341137
2022-11-05,Peru,2.22466261314333
2022-11-06,Peru,2.3962172593132167
2022-11-07,Peru,2.5314979131337485
2022-11-08,Peru,2.3637840426243817
2022-11-09,Peru,2.067617563913185
2022-11-10,Peru,2.456816164179196
2022-11-11,Peru,2.839186718826505
2022-11-12,Peru,3.4814497598356575
2022-11-13,Peru,4.182177941454945
2022-11-14,Peru,4.5321152794134205
2022-11-15,Peru,4.63837673935447
2022-11-16,Peru,4.717752769671881
2022-11-17,Peru,5.14535912654309
2022-11-18,Peru,5.376659171876618
2022-11-19,Peru,5.779940616231202
2022-11-20,Peru,6.162311170878511
2022-11-21,Peru,7.192492553600168
2022-11-22,Peru,7.878711138279714
2022-11-23,Peru,8.31143852936495
2022-11-24,Peru,9.236211957847896
2022-11-25,Peru,10.85787279228961
2022-11-26,Peru,12.406132136330276
2022-11-27,Peru,14.030353487879003
2022-11-28,Peru,15.046878779363256
2022-11-29,Peru,15.57562556196149
2022-11-30,Peru,15.73821839825683
2022-12-01,Peru,17.503694943542452
2022-12-02,Peru,20.976609646354735
2022-12-03,Peru,24.045816151961258
2022-12-04,Peru,26.42837732003707
2022-12-05,Peru,28.772530731507686
2022-12-06,Peru,31.20843600597961
2022-12-07,Peru,32.24800595142698
2022-12-08,Peru,33.340066497568124
2022-12-09,Peru,33.34561428463332
2022-12-10,Peru,33.59654496112062
2022-12-11,Peru,30.519656904193052
2022-12-12,Peru,26.83336577579633
2022-12-13,Peru,25.021799922584474
2022-12-14,Peru,24.553652044852218
2022-12-15,Peru,25.92011467429495
2022-12-16,Peru,25.53433009683829
2022-12-17,Peru,23.085622236831302
2022-12-18,Peru,23.612235255173687
2022-12-19,Peru,24.704722554166004
2022-12-20,Peru,24.223345338047515
2022-12-21,Peru,23.27595400845262
2022-12-22,Peru,20.484563608957025
2022-12-23,Peru,16.986897240776948
2022-12-24,Peru,15.174051129011582
2022-12-25,Peru,14.0551051532468
2022-12-26,Peru,12.823923177624605
2022-12-27,Peru,11.814652684610222
2022-12-28,Peru,11.600422753323446
2022-12-29,Peru,8.894382924061631
2022-12-30,Peru,8.925109129345788
2022-12-31,Peru,8.366916400016905
2023-01-01,Peru,6.596745573368423
2023-01-02,Peru,7.020937907430282
2023-01-03,Peru,6.877122196586372
2023-01-04,Peru,6.868160386711827
2023-01-05,Peru,6.563885603828419
2023-01-06,Peru,5.363003080639215
2023-01-07,Peru,4.479197925868481
2023-01-08,Peru,5.161575734887506
2023-01-09,Peru,4.366535173159898
2023-01-10,Peru,4.194980526990012
2023-01-11,Peru,4.306789773996256
2023-01-12,Peru,4.177910412943256
2023-01-13,Peru,3.45029680170033
2023-01-14,Peru,3.611182626590995
2023-01-15,Peru,3.1963788552548507
2023-01-16,Peru,2.4346250159184146
2023-01-17,Peru,2.4858353580586794
2023-01-18,Peru,2.312146947632949
2023-01-19,Peru,2.22082183748281
2023-01-20,Peru,2.2780067195394387
2023-01-21,Peru,1.8593621725427754
2023-01-22,Peru,1.7641962867321166
2023-01-23,Peru,1.7548077240064015
2023-01-24,Peru,1.5128388573936513
2023-01-25,Peru,1.4786986293001416
2023-01-26,Peru,1.476564865044297
2023-01-27,Peru,1.2567871466923282
2023-01-28,Peru,1.2388635269432353
2023-01-29,Peru,1.2260609414081693
2023-01-30,Peru,1.0280476184658125
2023-01-31,Peru,0.9708627364091837
2023-02-01,Peru,0.9452575653390515
2023-02-02,Peru,0.8697223106821611
2023-02-03,Peru,0.7954673145787774
2023-02-04,Peru,0.7109702500473407
2023-02-05,Peru,0.6324477254322682
2023-02-06,Peru,0.5957469802317453
2023-02-07,Peru,0.570141809161613
2023-02-08,Peru,0.5714220677151196
2023-02-09,Peru,0.5253327597888814
2023-02-10,Peru,0.4963135659093981
2023-02-11,Peru,0.4762561819044611
2023-02-12,Peru,0.48351098037433193
2023-02-13,Peru,0.47881669901147433
2023-02-14,Peru,0.48948552029069614
2023-02-15,Peru,0.49076577884420275
2023-02-16,Peru,0.5022881058257623
2023-02-17,Peru,0.48521799177900743
2023-02-18,Peru,0.48052371041614983
2023-02-19,Peru,0.4643071020717327
2023-02-20,Peru,0.4404089424062759
2023-02-21,Peru,0.4438229652156269
2023-02-22,Peru,0.4399821895551071
2023-02-23,Peru,0.37298199192159415
2023-02-24,Peru,0.3542048664701638
2023-02-25,Peru,0.3350009881675645
2023-02-26,Peru,0.32049139122782283
2023-02-27,Peru,0.41181650137796144
2023-02-28,Peru,0.3904788588195179
2023-03-01,Peru,0.4024279386522463
2023-03-02,Peru,0.4826574746719942
2023-03-03,Peru,0.5458168966449872
2023-03-04,Peru,0.5573392236265469
2023-03-05,Peru,0.5901991931665501
2023-03-06,Peru,0.5189314670213484
2023-03-07,Peru,0.48991227314186503
2023-03-08,Peru,0.5039951172304378
2023-03-09,Peru,0.3840775660519848
2023-03-10,Peru,0.5424028738356362
2023-03-11,Peru,0.5620335049894044
2023-03-12,Peru,0.5509379308590138
2023-03-13,Peru,0.4796702047138121
2023-03-14,Peru,0.5577659764777156
2023-03-15,Peru,0.5654475277987554
2023-03-16,Peru,0.5991610030410962
2023-03-17,Peru,0.45150451653666657
2023-03-18,Peru,0.49076577884420275
2023-03-19,Peru,0.5082626457421265
2023-03-20,Peru,0.6064158015109671
2023-03-21,Peru,0.7041422044286387
2023-03-22,Peru,0.679817291912013
2023-03-23,Peru,0.7557792994200723
2023-03-24,Peru,0.6392757710509702
2023-03-25,Peru,0.6704287291862979
2023-03-26,Peru,0.7037154515774698
2023-03-27,Peru,0.750658265206046
2023-03-28,Peru,0.7096899914938343
2023-03-29,Peru,0.7685818849551386
2023-03-30,Peru,0.7096899914938343
2023-03-31,Peru,0.8560662194447571
2023-04-01,Peru,0.8594802422541081
2023-04-02,Peru,0.8940472231987869
2023-04-03,Peru,0.7489512538013704
2023-04-04,Peru,0.6140973528320066
2023-04-05,Peru,0.5283200297470635
2023-04-06,Peru,0.4775364404579677
2023-04-07,Peru,0.33116021250704464
2023-04-08,Peru,0.16472660055118457
2023-04-09,Peru,0.0
2023-04-10,Peru,0.0
2023-04-11,Peru,0.0
2023-04-12,Peru,0.0
2023-04-13,Peru,0.0
2023-04-14,Peru,0.0
2023-04-15,Peru,0.0
2023-04-16,Peru,1.7091451689313324
2023-04-17,Peru,1.7091451689313324
2023-04-18,Peru,1.7091451689313324
2023-04-19,Peru,1.7091451689313324
2023-04-20,Peru,1.7091451689313324
2023-04-21,Peru,1.7091451689313324
2023-04-22,Peru,1.7091451689313324
2023-04-23,Peru,1.0493852610242562
2023-04-24,Peru,1.0493852610242562
2023-04-25,Peru,1.0493852610242562
2023-04-26,Peru,1.0493852610242562
2023-04-27,Peru,1.0493852610242562
2023-04-28,Peru,1.0493852610242562
2023-04-29,Peru,1.0493852610242562
2023-04-30,Peru,0.7574863108247479
2023-05-01,Peru,0.7574863108247479
2023-05-02,Peru,0.7574863108247479
2023-05-03,Peru,0.7574863108247479
2023-05-04,Peru,0.7574863108247479
2023-05-05,Peru,0.7574863108247479
2023-05-06,Peru,0.7574863108247479
2023-05-07,Peru,0.8927669646452803
2023-05-08,Peru,0.8927669646452803
2023-05-09,Peru,0.8927669646452803
2023-05-10,Peru,0.8927669646452803
2023-05-11,Peru,0.8927669646452803
2023-05-12,Peru,0.8927669646452803
2023-05-13,Peru,0.8927669646452803
2023-05-14,Peru,0.8526521966354064
2023-05-15,Peru,0.8526521966354064
2023-05-16,Peru,0.8526521966354064
2023-05-17,Peru,0.8526521966354064
2023-05-18,Peru,0.8526521966354064
2023-05-19,Peru,0.8526521966354064
2023-05-20,Peru,0.8526521966354064
2023-05-21,Peru,0.0
2023-05-22,Peru,0.0
2023-05-23,Peru,0.0
2023-05-24,Peru,0.0
2023-05-25,Peru,0.0
2023-05-26,Peru,0.0
2023-05-27,Peru,0.0
2023-05-28,Peru,0.0
2023-05-29,Peru,0.0
2023-05-30,Peru,0.0
2023-05-31,Peru,0.0
2023-06-01,Peru,0.0
2023-06-02,Peru,0.0
2023-06-03,Peru,0.0
2023-06-04,Peru,0.0
2023-06-05,Peru,0.0
2023-06-06,Peru,0.0
2023-06-07,Peru,0.0
2023-06-08,Peru,0.0
2023-06-09,Peru,0.0
2023-06-10,Peru,0.0
2023-06-11,Peru,0.0
2023-06-12,Peru,0.0
2023-06-13,Peru,0.0
2023-06-14,Peru,0.0
2023-06-15,Peru,0.0
2023-06-16,Peru,0.0
2023-06-17,Peru,0.0
2023-06-18,Peru,0.0
2023-06-19,Peru,0.0
2023-06-20,Peru,0.0
2023-06-21,Peru,0.0
2023-06-22,Peru,0.0
2023-06-23,Peru,0.0
2023-06-24,Peru,0.0
2023-06-25,Peru,0.0
2023-06-26,Peru,0.0
2023-06-27,Peru,0.0
2023-06-28,Peru,0.0
2023-06-29,Peru,0.0
2023-06-30,Peru,0.0
2023-07-01,Peru,0.0
2023-07-02,Peru,0.0
2023-07-03,Peru,0.0
2023-07-04,Peru,0.0
2023-07-05,Peru,0.0
2023-07-06,Peru,0.0
2023-07-07,Peru,0.0
2023-07-08,Peru,0.0
2023-07-09,Peru,0.0
2023-07-10,Peru,0.0
2023-07-11,Peru,0.0
2023-07-12,Peru,0.0
2023-07-13,Peru,0.0
2023-07-14,Peru,0.0
2023-07-15,Peru,0.0
2023-07-16,Peru,0.0
2023-07-17,Peru,0.0
2023-07-18,Peru,0.0
2023-07-19,Peru,0.0
2023-07-20,Peru,0.0
2023-07-21,Peru,0.0
2023-07-22,Peru,0.0
2023-07-23,Peru,0.0
2023-07-24,Peru,0.0
2023-07-25,Peru,0.0
2023-07-26,Peru,0.0
2023-07-27,Peru,0.0
2023-07-28,Peru,0.0
2023-07-29,Peru,0.0
2023-07-30,Peru,0.0
2023-07-31,Peru,0.0
2023-08-01,Peru,0.0
2023-08-02,Peru,0.0
2023-08-03,Peru,0.0
2023-08-04,Peru,0.0
2023-08-05,Peru,0.0
2023-08-06,Peru,0.0
2023-08-07,Peru,0.0
2023-08-08,Peru,0.0
2023-08-09,Peru,0.0
2023-08-10,Peru,0.0
2023-08-11,Peru,0.0
2023-08-12,Peru,0.0
2023-08-13,Peru,0.0
2023-08-14,Peru,0.0
2023-08-15,Peru,0.0
2023-08-16,Peru,0.0
2023-08-17,Peru,0.0
2023-08-18,Peru,0.0
2023-08-19,Peru,0.0
2023-08-20,Peru,0.0
2023-08-21,Peru,0.0
2023-08-22,Peru,0.0
2023-08-23,Peru,0.0
2023-08-24,Peru,0.0
2023-08-25,Peru,0.0
2023-08-26,Peru,0.0
2023-08-27,Peru,0.0
2023-08-28,Peru,0.0
2023-08-29,Peru,0.0
2023-08-30,Peru,0.0
2023-08-31,Peru,0.0
2023-09-01,Peru,0.0
2023-09-02,Peru,0.0
2023-09-03,Peru,0.0
2023-09-04,Peru,0.0
2023-09-05,Peru,0.0
2023-09-06,Peru,0.0
2023-09-07,Peru,0.0
2023-09-08,Peru,0.0
2023-09-09,Peru,0.0
2023-09-10,Peru,0.0
2023-09-11,Peru,0.0
2023-09-12,Peru,0.0
2023-09-13,Peru,0.0
2023-09-14,Peru,0.0
2023-09-15,Peru,0.0
2023-09-16,Peru,0.0
2023-09-17,Peru,0.0
2023-09-18,Peru,0.0
2023-09-19,Peru,0.0
2023-09-20,Peru,0.0
2023-09-21,Peru,0.0
2023-09-22,Peru,0.0
2023-09-23,Peru,0.0
2023-09-24,Peru,0.0
2023-09-25,Peru,0.0
2023-09-26,Peru,0.0
2023-09-27,Peru,0.0
2023-09-28,Peru,0.0
2023-09-29,Peru,0.0
2023-09-30,Peru,0.0
2023-10-01,Peru,0.0
2023-10-02,Peru,0.0
2023-10-03,Peru,0.0
2023-10-04,Peru,0.0
2023-10-05,Peru,0.0
2023-10-06,Peru,0.0
2023-10-07,Peru,0.0
2023-10-08,Peru,0.0
2023-10-09,Peru,0.0
2023-10-10,Peru,0.0
2023-10-11,Peru,0.0
2023-10-12,Peru,0.0
2023-10-13,Peru,0.0
2023-10-14,Peru,0.0
2023-10-15,Peru,0.0
2023-10-16,Peru,0.0
2023-10-17,Peru,0.0
2023-10-18,Peru,0.0
2023-10-19,Peru,0.0
2023-10-20,Peru,0.0
2023-10-21,Peru,0.0
2023-10-22,Peru,0.0
2023-10-23,Peru,0.0
2023-10-24,Peru,0.0
2023-10-25,Peru,0.0
2023-10-26,Peru,0.0
2023-10-27,Peru,0.0
2023-10-28,Peru,0.0
2023-10-29,Peru,0.0
2023-10-30,Peru,0.0
2023-10-31,Peru,0.0
2023-11-01,Peru,0.0
2023-11-02,Peru,0.0
2023-11-03,Peru,0.0
2023-11-04,Peru,0.0
2023-11-05,Peru,0.0
2023-11-06,Peru,0.0
2023-11-07,Peru,0.0
2023-11-08,Peru,0.0
2023-11-09,Peru,0.0
2023-11-10,Peru,0.0
2023-11-11,Peru,0.0
2023-11-12,Peru,0.0
2023-11-13,Peru,0.0
2023-11-14,Peru,0.0
2023-11-15,Peru,0.0
2023-11-16,Peru,0.0
2023-11-17,Peru,0.0
2023-11-18,Peru,0.0
2023-11-19,Peru,0.0
2023-11-20,Peru,0.0
2023-11-21,Peru,0.0
2023-11-22,Peru,0.0
2023-11-23,Peru,0.0
2023-11-24,Peru,0.0
2023-11-25,Peru,0.0
2023-11-26,Peru,0.0
2023-11-27,Peru,0.0
2023-11-28,Peru,0.0
2023-11-29,Peru,0.0
2023-11-30,Peru,0.0
2023-12-01,Peru,0.0
2023-12-02,Peru,0.0
2023-12-03,Peru,0.0
2023-12-04,Peru,0.0
2023-12-05,Peru,0.0
2023-12-06,Peru,0.0
2023-12-07,Peru,0.0
2023-12-08,Peru,0.0
2023-12-09,Peru,0.0
2023-12-10,Peru,0.0
