semana_fin,pais,casos_semana,factor_crec_7d
2021-02-04,Ecuador,9557.0,1.0136826474331777
2021-02-05,Ecuador,9117.0,0.9215606994844839
2021-02-06,Ecuador,8725.0,0.8222599189520309
2021-02-08,Ecuador,6800.0,0.5748583988502832
2021-02-10,Ecuador,6927.0,0.5816609287093795
2021-02-11,Ecuador,7062.0,0.7840568446763628
2021-02-12,Ecuador,9006.0,0.9978947368421053
2021-02-13,Ecuador,9099.0,0.9520770116145234
2021-02-15,Ecuador,9846.0,1.0799605133267522
2021-02-17,Ecuador,8145.0,0.9335243553008596
2021-02-18,Ecuador,7124.0,1.0476470588235294
2021-02-19,Ecuador,7589.0,1.0955680669842645
2021-02-20,Ecuador,8712.0,1.233644859813084
2021-02-21,Ecuador,8296.0,0.9211636686653342
2021-02-22,Ecuador,8668.0,0.9526321573799319
2021-02-23,Ecuador,7267.0,0.7380662197846841
2021-02-24,Ecuador,7707.0,0.9462246777163904
2021-02-25,Ecuador,10560.0,1.4823133071308254
2021-02-26,Ecuador,11309.0,1.4901831598366055
2021-02-27,Ecuador,11323.0,1.2997015610651974
2021-02-28,Ecuador,9502.0,1.1453712632594022
2021-03-01,Ecuador,11482.0,1.3246423627134287
2021-03-02,Ecuador,11399.0,1.5685977707444612
2021-03-03,Ecuador,10945.0,1.42013753730375
2021-03-04,Ecuador,10693.0,1.012594696969697
2021-03-05,Ecuador,8566.0,0.7574498187284464
2021-03-06,Ecuador,8471.0,0.7481232888810386
2021-03-07,Ecuador,10344.0,1.0886129235950326
2021-03-08,Ecuador,8348.0,0.7270510364048075
2021-03-09,Ecuador,8251.0,0.723835424160014
2021-03-10,Ecuador,8389.0,0.7664687071722247
2021-03-11,Ecuador,7369.0,0.6891424296268587
2021-03-12,Ecuador,8222.0,0.9598412327807612
2021-03-13,Ecuador,8146.0,0.9616338094675954
2021-03-14,Ecuador,7723.0,0.746616395978345
2021-03-15,Ecuador,7718.0,0.9245328222328701
2021-03-16,Ecuador,7880.0,0.9550357532420313
2021-03-17,Ecuador,7740.0,0.9226367862677316
2021-03-18,Ecuador,8757.0,1.1883566291219976
2021-03-19,Ecuador,9472.0,1.152031135976648
2021-03-20,Ecuador,10427.0,1.2800147311563959
2021-03-21,Ecuador,10202.0,1.3209892528810048
2021-03-22,Ecuador,10377.0,1.3445193055195646
2021-03-23,Ecuador,10353.0,1.3138324873096447
2021-03-24,Ecuador,10716.0,1.3844961240310079
2021-03-25,Ecuador,11209.0,1.280004567774352
2021-03-26,Ecuador,11227.0,1.1852829391891893
2021-03-27,Ecuador,11808.0,1.1324446149419776
2021-03-28,Ecuador,11831.0,1.159674573613017
2021-03-29,Ecuador,11884.0,1.1452250168642188
2021-03-30,Ecuador,12273.0,1.1854534917415243
2021-03-31,Ecuador,13755.0,1.2835946248600223
2021-04-01,Ecuador,11948.0,1.065929164064591
2021-04-02,Ecuador,11732.0,1.0449808497372406
2021-04-03,Ecuador,10587.0,0.8965955284552846
2021-04-04,Ecuador,10476.0,0.8854703744400304
2021-04-05,Ecuador,11199.0,0.942359474924268
2021-04-06,Ecuador,11653.0,0.9494826040902795
2021-04-07,Ecuador,10377.0,0.7544165757906216
2021-04-08,Ecuador,10849.0,0.908018078339471
2021-04-09,Ecuador,11231.0,0.9572962836685988
2021-04-10,Ecuador,10640.0,1.0050061396051762
2021-04-11,Ecuador,11702.0,1.1170294005345551
2021-04-12,Ecuador,11136.0,0.994374497723011
2021-04-13,Ecuador,10293.0,0.8832918561743757
2021-04-14,Ecuador,9887.0,0.9527801869519129
2021-04-15,Ecuador,10935.0,1.007926997879989
2021-04-16,Ecuador,13812.0,1.2298103463627459
2021-04-17,Ecuador,13286.0,1.2486842105263158
2021-04-18,Ecuador,13280.0,1.1348487438044779
2021-04-19,Ecuador,13729.0,1.2328484195402298
2021-04-20,Ecuador,13493.0,1.3108908967259303
2021-04-21,Ecuador,13565.0,1.372003641144938
2021-04-22,Ecuador,12304.0,1.1251943301326017
2021-04-23,Ecuador,9962.0,0.7212568780770344
2021-04-24,Ecuador,15342.0,1.1547493602288124
2021-04-25,Ecuador,14597.0,1.0991716867469878
2021-04-26,Ecuador,12816.0,0.9334984339718844
2021-04-27,Ecuador,14212.0,1.0532868894982583
2021-04-28,Ecuador,14175.0,1.0449686693697013
2021-04-29,Ecuador,14819.0,1.2044050715214565
2021-04-30,Ecuador,15296.0,1.5354346516763702
2021-05-01,Ecuador,10556.0,0.6880458871072872
2021-05-02,Ecuador,11835.0,0.8107830376104679
2021-05-03,Ecuador,13937.0,1.087468789013733
2021-05-04,Ecuador,13271.0,0.9337883478750352
2021-05-05,Ecuador,15913.0,1.122610229276896
2021-05-06,Ecuador,15386.0,1.0382616910722722
2021-05-07,Ecuador,14638.0,0.9569822175732218
2021-05-08,Ecuador,15026.0,1.4234558544903373
2021-05-09,Ecuador,14332.0,1.210984368398817
2021-05-10,Ecuador,12997.0,0.9325536342110928
2021-05-11,Ecuador,14014.0,1.0559867380001506
2021-05-12,Ecuador,11353.0,0.7134418400050273
2021-05-13,Ecuador,11584.0,0.7528922396984271
2021-05-14,Ecuador,10456.0,0.7143052329553218
2021-05-15,Ecuador,10114.0,0.6730999600692134
2021-05-16,Ecuador,10599.0,0.739533910131175
2021-05-17,Ecuador,9833.0,0.7565592059706086
2021-05-18,Ecuador,8810.0,0.6286570572284857
2021-05-19,Ecuador,8871.0,0.7813793710913415
2021-05-20,Ecuador,8275.0,0.7143473756906077
2021-05-21,Ecuador,9472.0,0.9058913542463657
2021-05-22,Ecuador,9619.0,0.9510579394898161
2021-05-23,Ecuador,8320.0,0.7849797150674592
2021-05-24,Ecuador,8722.0,0.8870131190887827
2021-05-25,Ecuador,8328.0,0.9452894438138479
2021-05-26,Ecuador,8701.0,0.9808364333220606
2021-05-27,Ecuador,8324.0,1.0059214501510574
2021-05-28,Ecuador,7074.0,0.7468327702702703
2021-05-29,Ecuador,6544.0,0.6803201996049485
2021-05-30,Ecuador,6901.0,0.8294471153846154
2021-05-31,Ecuador,6990.0,0.8014216922724146
2021-06-01,Ecuador,6839.0,0.8212055715658021
2021-06-02,Ecuador,7523.0,0.8646132628433514
2021-06-03,Ecuador,7634.0,0.9171071600192215
2021-06-04,Ecuador,7488.0,1.0585241730279897
2021-06-05,Ecuador,7574.0,1.15739608801956
2021-06-06,Ecuador,6688.0,0.9691349079843501
2021-06-07,Ecuador,6512.0,0.9316165951359084
2021-06-08,Ecuador,6702.0,0.9799678315543208
2021-06-09,Ecuador,5295.0,0.7038415525721122
2021-06-10,Ecuador,5005.0,0.6556195965417867
2021-06-11,Ecuador,6206.0,0.8287927350427351
2021-06-12,Ecuador,6382.0,0.8426194877211514
2021-06-13,Ecuador,6679.0,0.9986543062200957
2021-06-14,Ecuador,6581.0,1.0105958230958232
2021-06-15,Ecuador,6400.0,0.9549388242315726
2021-06-16,Ecuador,6389.0,1.2066100094428707
2021-06-17,Ecuador,7310.0,1.4605394605394606
2021-06-18,Ecuador,6318.0,1.0180470512407347
2021-06-19,Ecuador,7274.0,1.1397680977749922
2021-06-20,Ecuador,7478.0,1.119628686929181
2021-06-21,Ecuador,7507.0,1.1407080990730891
2021-06-22,Ecuador,7494.0,1.1709375
2021-06-23,Ecuador,7802.0,1.2211613711065894
2021-06-24,Ecuador,7927.0,1.084404924760602
2021-06-25,Ecuador,7142.0,1.1304210193099082
2021-06-26,Ecuador,7839.0,1.0776739070662633
2021-06-27,Ecuador,7776.0,1.0398502273335117
2021-06-28,Ecuador,7895.0,1.0516850939123485
2021-06-29,Ecuador,9110.0,1.2156391780090738
2021-06-30,Ecuador,10313.0,1.3218405537041784
2021-07-01,Ecuador,9397.0,1.1854421597073295
2021-07-02,Ecuador,10055.0,1.4078689442733128
2021-07-03,Ecuador,8923.0,1.1382829442530935
2021-07-04,Ecuador,8780.0,1.1291152263374487
2021-07-05,Ecuador,7806.0,0.9887270424319189
2021-07-06,Ecuador,6906.0,0.7580680570801317
2021-07-07,Ecuador,6462.0,0.6265878018035489
2021-07-08,Ecuador,6525.0,0.6943705437905715
2021-07-09,Ecuador,6340.0,0.6305320735952262
2021-07-10,Ecuador,4721.0,0.5290821472598902
2021-07-11,Ecuador,5834.0,0.6644646924829157
2021-07-12,Ecuador,6204.0,0.7947732513451191
2021-07-13,Ecuador,5765.0,0.8347813495511149
2021-07-14,Ecuador,6931.0,1.0725781491798205
2021-07-15,Ecuador,6728.0,1.031111111111111
2021-07-16,Ecuador,6844.0,1.0794952681388013
2021-07-17,Ecuador,7769.0,1.6456259267104427
2021-07-18,Ecuador,7239.0,1.2408296194720603
2021-07-19,Ecuador,7719.0,1.2441972920696325
2021-07-20,Ecuador,7898.0,1.3699913269731137
2021-07-21,Ecuador,7064.0,1.0191891501947772
2021-07-22,Ecuador,6858.0,1.0193222354340072
2021-07-23,Ecuador,7062.0,1.031852717708942
2021-07-24,Ecuador,7073.0,0.9104131805895225
2021-07-25,Ecuador,5505.0,0.7604641525072524
2021-07-26,Ecuador,4655.0,0.6030573908537376
2021-07-27,Ecuador,6635.0,0.8400860977462649
2021-07-28,Ecuador,5787.0,0.8192242355605889
2021-07-29,Ecuador,5118.0,0.7462817147856518
2021-07-30,Ecuador,5889.0,0.8338997451146983
2021-07-31,Ecuador,5824.0,0.8234129789339742
2021-08-01,Ecuador,6652.0,1.2083560399636695
2021-08-02,Ecuador,6878.0,1.4775510204081632
2021-08-03,Ecuador,4755.0,0.7166541070082894
2021-08-04,Ecuador,5356.0,0.9255227233454294
2021-08-05,Ecuador,5764.0,1.1262211801484956
2021-08-06,Ecuador,4863.0,0.825776872134488
2021-08-07,Ecuador,4641.0,0.796875
2021-08-08,Ecuador,4459.0,0.6703247143716176
2021-08-09,Ecuador,4586.0,0.6667635940680431
2021-08-10,Ecuador,4563.0,0.9596214511041009
2021-08-11,Ecuador,3274.0,0.611277072442121
2021-08-12,Ecuador,3651.0,0.6334142956280361
2021-08-13,Ecuador,3231.0,0.6644046884639112
2021-08-14,Ecuador,3163.0,0.6815341521223874
2021-08-15,Ecuador,2988.0,0.6701054047992824
2021-08-16,Ecuador,2831.0,0.6173135630178805
2021-08-17,Ecuador,2850.0,0.6245890861275477
2021-08-18,Ecuador,3382.0,1.0329871716554673
2021-08-19,Ecuador,3494.0,0.9569980827170638
2021-08-20,Ecuador,3313.0,1.0253791395852678
2021-08-21,Ecuador,3547.0,1.1214037306354727
2021-08-22,Ecuador,3795.0,1.2700803212851406
2021-08-23,Ecuador,3663.0,1.2938890851289298
2021-08-24,Ecuador,3613.0,1.267719298245614
2021-08-25,Ecuador,3451.0,1.0204021289178
2021-08-26,Ecuador,2989.0,0.8554665140240412
2021-08-27,Ecuador,3004.0,0.9067310594627226
2021-08-28,Ecuador,2549.0,0.7186354665914858
2021-08-29,Ecuador,2435.0,0.6416337285902504
2021-08-30,Ecuador,2462.0,0.6721266721266721
2021-08-31,Ecuador,2473.0,0.6844727373373928
2021-09-08,Ecuador,2056.0,0.5957693422196465
2021-09-09,Ecuador,1995.0,0.667447306791569
2021-09-10,Ecuador,1542.0,0.5133155792276964
2021-09-11,Ecuador,1182.0,0.4637112593173794
2021-09-12,Ecuador,1395.0,0.5728952772073922
2021-09-13,Ecuador,1491.0,0.6056051990251827
2021-09-14,Ecuador,1446.0,0.5847149211484027
2021-09-15,Ecuador,1412.0,0.6867704280155642
2021-09-20,Ecuador,1473.0,0.7383458646616541
2021-09-21,Ecuador,1502.0,0.9740596627756161
2021-09-22,Ecuador,1519.0,1.2851099830795263
2021-09-23,Ecuador,1112.0,0.7971326164874551
2021-09-24,Ecuador,1082.0,0.7256874580818243
2021-09-25,Ecuador,1336.0,0.9239280774550485
2021-09-26,Ecuador,1533.0,1.0856940509915014
2021-09-27,Ecuador,1529.0,1.0380176510522743
2021-09-28,Ecuador,1652.0,1.099866844207723
2021-09-29,Ecuador,1705.0,1.1224489795918366
2021-09-30,Ecuador,1807.0,1.625
2021-10-01,Ecuador,2025.0,1.8715341959334566
2021-10-02,Ecuador,2319.0,1.7357784431137724
2021-10-03,Ecuador,2547.0,1.6614481409001958
2021-10-04,Ecuador,2422.0,1.5840418574231523
2021-10-05,Ecuador,2299.0,1.3916464891041163
2021-10-06,Ecuador,2229.0,1.3073313782991203
2021-10-07,Ecuador,2079.0,1.1505257332595462
2021-10-08,Ecuador,1933.0,0.9545679012345679
2021-10-09,Ecuador,1522.0,0.6563173781802502
2021-10-10,Ecuador,1279.0,0.5021594032194739
2021-10-11,Ecuador,1044.0,0.4310487200660611
2021-10-12,Ecuador,1090.0,0.4741191822531535
2021-10-13,Ecuador,1117.0,0.5011215791834903
2021-10-14,Ecuador,1385.0,0.6661856661856662
2021-10-15,Ecuador,1480.0,0.7656492498706674
2021-10-16,Ecuador,1453.0,0.954664914586071
2021-10-17,Ecuador,1404.0,1.0977326035965598
2021-10-18,Ecuador,1588.0,1.5210727969348659
2021-10-19,Ecuador,1632.0,1.4972477064220184
2021-10-20,Ecuador,1660.0,1.486123545210385
2021-10-21,Ecuador,1385.0,1.0
2021-10-22,Ecuador,1630.0,1.1013513513513513
2021-10-23,Ecuador,1890.0,1.3007570543702685
2021-10-24,Ecuador,2009.0,1.4309116809116809
2021-10-25,Ecuador,2049.0,1.2903022670025188
2021-10-26,Ecuador,1956.0,1.1985294117647058
2021-10-27,Ecuador,1928.0,1.1614457831325302
2021-10-28,Ecuador,1772.0,1.2794223826714801
2021-10-29,Ecuador,1511.0,0.9269938650306748
2021-10-30,Ecuador,1388.0,0.7343915343915344
2021-10-31,Ecuador,1620.0,0.8063713290194127
2021-11-01,Ecuador,1596.0,0.7789165446559297
2021-11-02,Ecuador,1630.0,0.8333333333333334
2021-11-03,Ecuador,2516.0,1.3049792531120332
2021-11-04,Ecuador,2364.0,1.3340857787810383
2021-11-05,Ecuador,2107.0,1.3944407677035076
2021-11-06,Ecuador,2429.0,1.75
2021-11-07,Ecuador,2044.0,1.2617283950617284
2021-11-08,Ecuador,2184.0,1.368421052631579
2021-11-09,Ecuador,2220.0,1.361963190184049
2021-11-10,Ecuador,1385.0,0.550476947535771
2021-11-11,Ecuador,1337.0,0.5655668358714044
2021-11-12,Ecuador,1286.0,0.6103464641670622
2021-11-13,Ecuador,701.0,0.28859613009468915
2021-11-14,Ecuador,2304.0,1.1272015655577299
2021-11-15,Ecuador,2312.0,1.0586080586080586
2021-11-16,Ecuador,2310.0,1.0405405405405406
2021-11-17,Ecuador,2832.0,2.044765342960289
2021-11-18,Ecuador,2832.0,2.118175018698579
2021-11-19,Ecuador,3223.0,2.5062208398133747
2021-11-20,Ecuador,3795.0,5.413694721825963
2021-11-21,Ecuador,2568.0,1.1145833333333333
2021-11-22,Ecuador,2513.0,1.0869377162629759
2021-11-23,Ecuador,2561.0,1.1086580086580087
2021-11-24,Ecuador,2040.0,0.7203389830508474
2021-11-25,Ecuador,2493.0,0.8802966101694916
2021-11-26,Ecuador,2615.0,0.8113558796152652
2021-11-27,Ecuador,2475.0,0.6521739130434783
2021-11-28,Ecuador,2290.0,0.8917445482866043
2021-11-29,Ecuador,2404.0,0.9566255471547951
2021-11-30,Ecuador,2447.0,0.955486138227255
2021-12-01,Ecuador,2438.0,1.1950980392156862
2021-12-02,Ecuador,2448.0,0.9819494584837545
2021-12-03,Ecuador,2290.0,0.875717017208413
2021-12-04,Ecuador,2271.0,0.9175757575757576
2021-12-05,Ecuador,2453.0,1.07117903930131
2021-12-06,Ecuador,2559.0,1.0644758735440931
2021-12-07,Ecuador,2549.0,1.041683694319575
2021-12-08,Ecuador,2586.0,1.0607054963084495
2021-12-09,Ecuador,2123.0,0.8672385620915033
2021-12-10,Ecuador,2438.0,1.0646288209606987
2021-12-11,Ecuador,3706.0,1.6318802289740202
2021-12-12,Ecuador,3840.0,1.5654300856094578
2021-12-13,Ecuador,4016.0,1.5693630324345447
2021-12-14,Ecuador,4108.0,1.6116123970184386
2021-12-15,Ecuador,4132.0,1.5978344934261408
2021-12-16,Ecuador,4720.0,2.2232689590202543
2021-12-17,Ecuador,4631.0,1.8995077932731748
2021-12-18,Ecuador,3607.0,0.9732865623313546
2021-12-19,Ecuador,3699.0,0.96328125
2021-12-20,Ecuador,3586.0,0.8929282868525896
2021-12-21,Ecuador,3575.0,0.870253164556962
2021-12-22,Ecuador,3632.0,0.8789932236205228
2021-12-23,Ecuador,4042.0,0.8563559322033898
2021-12-24,Ecuador,4280.0,0.924206434895271
2021-12-25,Ecuador,4708.0,1.3052398114776822
2021-12-26,Ecuador,5239.0,1.4163287374966207
2021-12-27,Ecuador,5306.0,1.4796430563301728
2021-12-28,Ecuador,5309.0,1.485034965034965
2021-12-29,Ecuador,5740.0,1.580396475770925
2021-12-30,Ecuador,5885.0,1.4559623948540326
2021-12-31,Ecuador,6763.0,1.5801401869158878
2022-01-01,Ecuador,7064.0,1.5004248088360237
2022-01-02,Ecuador,8050.0,1.5365527772475662
2022-01-03,Ecuador,9538.0,1.7975876366377685
2022-01-04,Ecuador,9983.0,1.8803917875306084
2022-01-05,Ecuador,10241.0,1.7841463414634147
2022-01-06,Ecuador,10333.0,1.755819881053526
2022-01-07,Ecuador,11473.0,1.696436492680763
2022-01-08,Ecuador,12764.0,1.8069082672706682
2022-01-09,Ecuador,11867.0,1.4741614906832299
2022-01-10,Ecuador,12618.0,1.322918850912141
2022-01-11,Ecuador,15008.0,1.5033557046979866
2022-01-12,Ecuador,15983.0,1.560687432867884
2022-01-13,Ecuador,24089.0,2.3312687506048584
2022-01-14,Ecuador,31598.0,2.75411836485662
2022-01-15,Ecuador,33714.0,2.641335004700721
2022-01-16,Ecuador,41657.0,3.5103227437431532
2022-01-17,Ecuador,49794.0,3.9462672372800762
2022-01-18,Ecuador,57727.0,3.8464152452025586
2022-01-19,Ecuador,60323.0,3.7741975849339924
2022-01-20,Ecuador,60610.0,2.516086180414297
2022-01-21,Ecuador,60686.0,1.9205645926957402
2022-01-22,Ecuador,64381.0,1.9096221154416564
2022-01-23,Ecuador,61722.0,1.4816717478455002
2022-01-24,Ecuador,60931.0,1.2236614853195165
2022-01-25,Ecuador,56323.0,0.9756786252533477
2022-01-26,Ecuador,54561.0,0.9044808779404208
2022-01-27,Ecuador,52763.0,0.8705329153605016
2022-01-28,Ecuador,48052.0,0.7918135978644169
2022-01-29,Ecuador,49179.0,0.7638744350041161
2022-01-30,Ecuador,52421.0,0.8493081883283108
2022-01-31,Ecuador,50973.0,0.8365692340516322
2022-02-01,Ecuador,48378.0,0.8589386218773858
2022-02-02,Ecuador,47970.0,0.8791994281629736
2022-02-03,Ecuador,47399.0,0.8983378503875822
2022-02-04,Ecuador,48210.0,1.0032881045534006
2022-02-05,Ecuador,45411.0,0.9233819313121454
2022-02-06,Ecuador,44236.0,0.8438602850002861
2022-02-07,Ecuador,40462.0,0.7937927922625704
2022-02-08,Ecuador,39389.0,0.8141924015048162
2022-02-09,Ecuador,39527.0,0.8239941630185532
2022-02-10,Ecuador,38302.0,0.8080761197493618
2022-02-11,Ecuador,35651.0,0.7394938809375649
2022-02-12,Ecuador,36253.0,0.7983308009072692
2022-02-13,Ecuador,32499.0,0.734673116918347
2022-02-14,Ecuador,30832.0,0.7619989125599328
2022-02-15,Ecuador,29991.0,0.7614054685318236
2022-02-16,Ecuador,28755.0,0.7274774204973815
2022-02-17,Ecuador,26749.0,0.6983708422536682
2022-02-18,Ecuador,27455.0,0.7701046253962021
2022-02-19,Ecuador,23886.0,0.6588696107908311
2022-02-20,Ecuador,21752.0,0.6693129019354441
2022-02-21,Ecuador,21531.0,0.6983329008822003
2022-02-22,Ecuador,20746.0,0.6917408555900103
2022-02-23,Ecuador,20221.0,0.7032168318553295
2022-02-24,Ecuador,18894.0,0.7063441623985943
2022-02-25,Ecuador,16261.0,0.5922782735385176
2022-02-26,Ecuador,14986.0,0.6273968014736666
2022-02-27,Ecuador,14240.0,0.6546524457521148
2022-02-28,Ecuador,13051.0,0.6061492731410525
2022-03-01,Ecuador,12521.0,0.6035380314277451
2022-03-02,Ecuador,12254.0,0.6060036595618417
2022-03-03,Ecuador,10049.0,0.531861966761935
2022-03-04,Ecuador,8674.0,0.5334235286882726
2022-03-05,Ecuador,8456.0,0.564259975977579
2022-03-06,Ecuador,8708.0,0.6115168539325843
2022-03-07,Ecuador,8888.0,0.6810206114473987
2022-03-08,Ecuador,9168.0,0.7322098873891861
2022-03-09,Ecuador,9168.0,0.7481638648604537
2022-03-10,Ecuador,10469.0,1.0417952035028362
2022-03-11,Ecuador,11737.0,1.3531242794558451
2022-03-12,Ecuador,10832.0,1.2809839167455062
2022-03-13,Ecuador,9950.0,1.1426274689940286
2022-03-14,Ecuador,8483.0,0.9544329432943295
2022-03-15,Ecuador,7811.0,0.8519851657940664
2022-03-16,Ecuador,7736.0,0.8438045375218151
2022-03-17,Ecuador,7005.0,0.6691183494125513
2022-03-18,Ecuador,6586.0,0.561131464599131
2022-03-19,Ecuador,5842.0,0.539327917282127
2022-03-20,Ecuador,4941.0,0.4965829145728643
2022-03-21,Ecuador,4667.0,0.5501591418130378
2022-03-22,Ecuador,4629.0,0.5926257841505569
2022-03-23,Ecuador,4553.0,0.5885470527404343
2022-03-24,Ecuador,4083.0,0.5828693790149893
2022-03-25,Ecuador,3131.0,0.4754023686607956
2022-03-26,Ecuador,3539.0,0.6057856898322492
2022-03-27,Ecuador,3888.0,0.7868852459016393
2022-03-28,Ecuador,4825.0,1.033854724662524
2022-03-29,Ecuador,4905.0,1.0596241088788074
2022-03-30,Ecuador,4955.0,1.0882934329013838
2022-03-31,Ecuador,5042.0,1.2348763164339946
2022-04-04,Ecuador,4962.0,1.584797189396359
2022-04-05,Ecuador,4029.0,1.1384571912969765
2022-04-06,Ecuador,3189.0,0.8202160493827161
2022-04-07,Ecuador,2332.0,0.4833160621761658
2022-04-08,Ecuador,2615.0,0.5331294597349643
2022-04-09,Ecuador,2614.0,0.5275479313824419
2022-04-10,Ecuador,2324.0,0.46092820309401034
2022-04-11,Ecuador,3048.0,0.6142684401451027
2022-04-12,Ecuador,2942.0,0.7302060064532142
2022-04-13,Ecuador,3067.0,0.9617434932580746
2022-04-14,Ecuador,2715.0,1.164236706689537
2022-04-15,Ecuador,2472.0,0.9453154875717017
2022-04-16,Ecuador,2530.0,0.9678653404743688
2022-04-17,Ecuador,2643.0,1.137263339070568
2022-04-18,Ecuador,1600.0,0.5249343832020997
2022-04-19,Ecuador,1621.0,0.5509857239972807
2022-04-20,Ecuador,1507.0,0.49135963482230194
2022-04-21,Ecuador,1585.0,0.583793738489871
2022-04-22,Ecuador,1639.0,0.6630258899676376
2022-04-23,Ecuador,1503.0,0.5940711462450593
2022-04-24,Ecuador,1333.0,0.5043511161558835
2022-04-25,Ecuador,1442.0,0.90125
2022-04-26,Ecuador,1401.0,0.8642813078346699
2022-04-27,Ecuador,1402.0,0.9303251493032515
2022-04-28,Ecuador,1400.0,0.8832807570977917
2022-04-29,Ecuador,1327.0,0.8096400244051251
2022-04-30,Ecuador,1407.0,0.936127744510978
2022-05-01,Ecuador,1396.0,1.0472618154538635
2022-05-02,Ecuador,1467.0,1.0173370319001387
2022-05-03,Ecuador,1411.0,1.0071377587437544
2022-05-04,Ecuador,1576.0,1.1241084165477888
2022-05-05,Ecuador,1386.0,0.99
2022-05-06,Ecuador,1402.0,1.0565184626978146
2022-05-07,Ecuador,1402.0,0.9964463397299218
2022-05-08,Ecuador,1340.0,0.9598853868194842
2022-05-09,Ecuador,1257.0,0.8568507157464212
2022-05-10,Ecuador,1333.0,0.9447200566973778
2022-05-11,Ecuador,1143.0,0.725253807106599
2022-05-12,Ecuador,1090.0,0.7864357864357865
2022-05-13,Ecuador,1054.0,0.7517831669044223
2022-05-14,Ecuador,1093.0,0.7796005706134094
2022-05-15,Ecuador,1210.0,0.9029850746268657
2022-05-16,Ecuador,1315.0,1.0461416070007956
2022-05-17,Ecuador,1436.0,1.0772693173293324
2022-05-18,Ecuador,1463.0,1.2799650043744533
2022-05-19,Ecuador,1496.0,1.3724770642201836
2022-05-20,Ecuador,1544.0,1.4648956356736242
2022-05-21,Ecuador,1457.0,1.333028362305581
2022-05-22,Ecuador,1610.0,1.3305785123966942
2022-05-23,Ecuador,1819.0,1.3832699619771862
2022-05-24,Ecuador,2134.0,1.4860724233983287
2022-05-25,Ecuador,2210.0,1.5105946684894054
2022-05-26,Ecuador,2208.0,1.4759358288770053
2022-05-27,Ecuador,1997.0,1.2933937823834196
2022-05-28,Ecuador,2337.0,1.60398078242965
2022-05-29,Ecuador,2400.0,1.4906832298136645
2022-05-30,Ecuador,2578.0,1.417262231995602
2022-05-31,Ecuador,2534.0,1.1874414245548266
2022-06-01,Ecuador,2563.0,1.1597285067873304
2022-06-02,Ecuador,2631.0,1.1915760869565217
2022-06-03,Ecuador,3363.0,1.684026039058588
2022-06-04,Ecuador,7154.0,3.0611895592640135
2022-06-05,Ecuador,7215.0,3.00625
2022-06-06,Ecuador,7614.0,2.9534522885958108
2022-06-07,Ecuador,7979.0,3.148776637726914
2022-06-08,Ecuador,8036.0,3.1353882169332814
2022-06-09,Ecuador,8022.0,3.04903078677309
2022-06-10,Ecuador,8027.0,2.3868569729408264
2022-06-11,Ecuador,4911.0,0.6864691081912216
2022-06-12,Ecuador,5224.0,0.724047124047124
2022-06-13,Ecuador,5236.0,0.6876805883898083
2022-06-14,Ecuador,5429.0,0.6804110790825918
2022-06-15,Ecuador,5534.0,0.6886510701841713
2022-06-16,Ecuador,5449.0,0.6792570431313887
2022-06-17,Ecuador,5953.0,0.7416220256633861
2022-06-18,Ecuador,6218.0,1.266137242924048
2022-06-19,Ecuador,6610.0,1.2653139356814702
2022-06-20,Ecuador,6968.0,1.3307868601986248
2022-06-21,Ecuador,7352.0,1.3542088782464543
2022-06-23,Ecuador,7239.0,1.3080954101915432
2022-06-24,Ecuador,8770.0,1.6094696274545788
2022-06-25,Ecuador,8987.0,1.5096589954644717
2022-06-26,Ecuador,8790.0,1.4136378256674171
2022-06-27,Ecuador,9010.0,1.3630862329803328
2022-06-28,Ecuador,8762.0,1.257462686567164
2022-06-29,Ecuador,7952.0,1.0816104461371054
2022-06-30,Ecuador,8073.0,1.115209283050145
2022-07-01,Ecuador,8350.0,0.9521094640820981
2022-07-02,Ecuador,8143.0,0.9060865694892623
2022-07-03,Ecuador,8120.0,0.9237770193401593
2022-07-04,Ecuador,7777.0,0.8631520532741398
2022-07-05,Ecuador,7633.0,0.8711481396941337
2022-07-06,Ecuador,7377.0,0.9276911468812877
2022-07-07,Ecuador,7199.0,0.8917378917378918
2022-07-08,Ecuador,7131.0,0.8540119760479042
2022-07-09,Ecuador,7011.0,0.860984895001842
2022-07-10,Ecuador,7297.0,0.8986453201970444
2022-07-11,Ecuador,7795.0,1.0023145171660024
2022-07-12,Ecuador,8311.0,1.0888248395126425
2022-07-13,Ecuador,8368.0,1.1343364511318965
2022-07-14,Ecuador,8459.0,1.175024308931796
2022-07-15,Ecuador,9205.0,1.290842799046417
2022-07-16,Ecuador,10807.0,1.5414348880330908
2022-07-17,Ecuador,11636.0,1.594627929286008
2022-07-18,Ecuador,12190.0,1.5638229634381013
2022-07-19,Ecuador,13446.0,1.6178558536878835
2022-07-20,Ecuador,13655.0,1.6318116634799236
2022-07-21,Ecuador,13829.0,1.6348268116798677
2022-07-22,Ecuador,15295.0,1.661596958174905
2022-07-23,Ecuador,15584.0,1.442028314981031
2022-07-24,Ecuador,16372.0,1.4070127191474733
2022-07-25,Ecuador,17208.0,1.4116488925348647
2022-07-26,Ecuador,18634.0,1.3858396549159602
2022-07-27,Ecuador,19023.0,1.3931160746979128
2022-07-28,Ecuador,19356.0,1.3996673656808156
2022-07-29,Ecuador,17896.0,1.170055573716901
2022-07-30,Ecuador,18061.0,1.1589450718685832
2022-07-31,Ecuador,17181.0,1.0494136330320059
2022-08-01,Ecuador,17988.0,1.0453277545327755
2022-08-02,Ecuador,17600.0,0.9445100354191264
2022-08-03,Ecuador,17988.0,0.9455921778899228
2022-08-04,Ecuador,18287.0,0.9447716470345112
2022-08-05,Ecuador,17159.0,0.9588176128743854
2022-08-06,Ecuador,17117.0,0.9477326836830741
2022-08-07,Ecuador,15634.0,0.9099586752808335
2022-08-08,Ecuador,12492.0,0.694462975316878
2022-08-09,Ecuador,9269.0,0.5266477272727272
2022-08-10,Ecuador,8035.0,0.44668668000889483
2022-08-11,Ecuador,7172.0,0.392191174058074
2022-08-12,Ecuador,6629.0,0.38632787458476603
2022-08-13,Ecuador,3984.0,0.2327510661915055
2022-08-14,Ecuador,3624.0,0.2318024817705002
2022-08-15,Ecuador,3286.0,0.26304835094460455
2022-08-16,Ecuador,2766.0,0.29841406840004314
2022-08-17,Ecuador,2674.0,0.3327940261356565
2022-08-18,Ecuador,2573.0,0.35875627440044616
2022-08-19,Ecuador,4306.0,0.6495700709005883
2022-08-20,Ecuador,4056.0,1.0180722891566265
2022-08-21,Ecuador,4644.0,1.281456953642384
2022-08-22,Ecuador,5203.0,1.58338405356056
2022-11-18,Ecuador,5103.0,1.8449023861171367
2022-12-02,Ecuador,5042.0,1.8855646970830218
2022-12-07,Ecuador,4968.0,1.930820054411193
2022-12-09,Ecuador,2414.0,0.5606130980027868
2022-12-15,Ecuador,2081.0,0.5130670611439843
2022-12-16,Ecuador,1013.0,0.2181309216192937
2022-12-22,Ecuador,0.0,0.0
2023-01-03,Ecuador,0.0,0.0
2023-01-06,Ecuador,0.0,0.0
2023-01-12,Ecuador,0.0,0.0
2023-01-13,Ecuador,0.0,0.0
2023-01-20,Ecuador,0.0,0.0
2023-01-27,Ecuador,0.0,0.0
2021-02-22,Peru,48694.0,1.0420955764333255
2021-02-23,Peru,48011.0,0.987880658436214
2021-02-24,Peru,48256.0,1.020642978003384
2021-02-25,Peru,48768.0,1.0170382265229088
2021-02-26,Peru,48662.0,1.0005551557520305
2021-02-27,Peru,46918.0,0.947934134761087
2021-02-28,Peru,46840.0,0.9603280369041517
2021-03-01,Peru,47964.0,0.9850084199285333
2021-03-02,Peru,46496.0,0.9684447314157172
2021-03-03,Peru,46182.0,0.9570208885941645
2021-03-04,Peru,44800.0,0.9186351706036745
2021-03-05,Peru,44170.0,0.9076897784719082
2021-03-06,Peru,41125.0,0.8765292638219873
2021-03-07,Peru,41931.0,0.8951964133219471
2021-03-08,Peru,41101.0,0.8569135184721874
2021-03-09,Peru,41371.0,0.8897754645560908
2021-03-10,Peru,41528.0,0.8992248062015504
2021-03-11,Peru,41726.0,0.9313839285714286
2021-03-12,Peru,42488.0,0.9619198551052751
2021-03-13,Peru,44724.0,1.0875136778115502
2021-03-14,Peru,44316.0,1.056879158617729
2021-03-15,Peru,42999.0,1.0461789250869808
2021-03-16,Peru,41230.0,0.9965918155229508
2021-03-17,Peru,44507.0,1.0717347331920632
2021-03-18,Peru,47581.0,1.1403201840579016
2021-03-19,Peru,48141.0,1.1330493315759744
2021-03-20,Peru,48950.0,1.0944906537876755
2021-03-21,Peru,49035.0,1.1064852423503926
2021-03-22,Peru,52816.0,1.2283076350612805
2021-03-23,Peru,53920.0,1.307785593014795
2021-03-24,Peru,53816.0,1.2091581099602309
2021-03-25,Peru,53655.0,1.1276559971417162
2021-03-26,Peru,56921.0,1.1823809227062172
2021-03-27,Peru,56944.0,1.1633094994892748
2021-03-28,Peru,60739.0,1.2386866523911493
2021-03-29,Peru,60194.0,1.139692517418964
2021-03-30,Peru,63556.0,1.1787091988130565
2021-03-31,Peru,60331.0,1.1210606511074774
2021-04-01,Peru,58818.0,1.0962258876153201
2021-04-02,Peru,56288.0,0.9888793239753343
2021-04-03,Peru,61258.0,1.0757586400674346
2021-04-04,Peru,55961.0,0.921335550470044
2021-04-05,Peru,52988.0,0.8802870718011762
2021-04-06,Peru,52485.0,0.825807162187677
2021-04-07,Peru,57088.0,0.9462465399214334
2021-04-08,Peru,58516.0,0.9948655173586317
2021-04-09,Peru,59091.0,1.0497974701534962
2021-04-10,Peru,56141.0,0.9164680531522413
2021-04-11,Peru,60174.0,1.0752845731848966
2021-04-12,Peru,65806.0,1.2419038272816487
2021-04-13,Peru,65327.0,1.2446794322187291
2021-04-14,Peru,63111.0,1.105503783632287
2021-04-15,Peru,61114.0,1.0443981133365234
2021-04-16,Peru,59839.0,1.0126584420639353
2021-04-17,Peru,63199.0,1.125719171372081
2021-04-18,Peru,60532.0,1.0059494133678997
2021-04-19,Peru,57859.0,0.8792359359328936
2021-04-20,Peru,57063.0,0.873497941126946
2021-04-21,Peru,54467.0,0.8630349701319897
2021-04-22,Peru,59381.0,0.9716431586870439
2021-04-23,Peru,59069.0,0.9871321379033741
2021-04-24,Peru,53543.0,0.847212772353993
2021-04-25,Peru,56604.0,0.9351087028348642
2021-04-26,Peru,56524.0,0.976926666551444
2021-04-27,Peru,56818.0,0.9957064998335173
2021-04-28,Peru,60399.0,1.1089099821910515
2021-04-29,Peru,55974.0,0.9426247452888972
2021-04-30,Peru,56533.0,0.9570671587465507
2021-05-01,Peru,57392.0,1.071886147582317
2021-05-02,Peru,53790.0,0.9502861988552046
2021-05-03,Peru,50765.0,0.8981140754369825
2021-05-04,Peru,49423.0,0.8698475835122672
2021-05-05,Peru,45941.0,0.7606251759135085
2021-05-06,Peru,43627.0,0.7794154428841963
2021-05-07,Peru,41118.0,0.7273274016945854
2021-05-08,Peru,40673.0,0.7086876219682186
2021-05-09,Peru,40020.0,0.7440044617958729
2021-05-10,Peru,40141.0,0.7907219541022358
2021-05-11,Peru,39292.0,0.7950144669485867
2021-05-12,Peru,39243.0,0.8542043055223003
2021-05-13,Peru,39550.0,0.9065486969078782
2021-05-14,Peru,41182.0,1.0015564959385184
2021-05-15,Peru,40645.0,0.9993115826223785
2021-05-16,Peru,39584.0,0.9891054472763618
2021-05-17,Peru,39540.0,0.9850277770857726
2021-05-18,Peru,38762.0,0.9865112491092334
2021-05-19,Peru,39964.0,1.0183727034120735
2021-05-20,Peru,39661.0,1.0028065739570164
2021-05-21,Peru,37976.0,0.9221504540818805
2021-05-22,Peru,37044.0,0.9114036166810185
2021-05-23,Peru,36517.0,0.922519199676637
2021-05-24,Peru,36255.0,0.9169195751138088
2021-05-25,Peru,36237.0,0.9348588824106083
2021-05-26,Peru,33589.0,0.8404814332899609
2021-05-27,Peru,34355.0,0.8662161821436676
2021-05-28,Peru,33630.0,0.8855593006109121
2021-05-29,Peru,31694.0,0.8555771514955188
2021-05-30,Peru,31989.0,0.8760029575266315
2021-05-31,Peru,30800.0,0.8495379947593436
2021-06-01,Peru,30180.0,0.8328504015233049
2021-06-02,Peru,32141.0,0.9568906487242848
2021-06-03,Peru,28832.0,0.8392373744724203
2021-06-04,Peru,28187.0,0.8381504608980077
2021-06-05,Peru,26639.0,0.8405060894806587
2021-06-06,Peru,28611.0,0.8944012004126418
2021-06-07,Peru,28740.0,0.9331168831168831
2021-06-08,Peru,28101.0,0.9311133200795229
2021-06-09,Peru,25935.0,0.8069132883233253
2021-06-10,Peru,26846.0,0.9311182019977803
2021-06-11,Peru,25771.0,0.9142867279242204
2021-06-12,Peru,26564.0,0.9971845790007132
2021-06-13,Peru,21890.0,0.7650903498654363
2021-06-14,Peru,20668.0,0.7191370911621433
2021-06-15,Peru,20055.0,0.7136756699049855
2021-06-16,Peru,19253.0,0.7423558897243108
2021-06-17,Peru,19544.0,0.7280041719436787
2021-06-18,Peru,23987.0,0.9307749020216523
2021-06-19,Peru,24459.0,0.9207574160517994
2021-06-20,Peru,25123.0,1.1476930105070808
2021-06-21,Peru,25670.0,1.2420166440874782
2021-06-22,Peru,26000.0,1.2964348042882075
2021-06-23,Peru,26359.0,1.3690853373500234
2021-06-24,Peru,26129.0,1.3369320507572657
2021-06-25,Peru,21259.0,0.8862717305206987
2021-06-26,Peru,20470.0,0.8369107485996975
2021-06-27,Peru,20083.0,0.7993870158818612
2021-06-28,Peru,19328.0,0.7529411764705882
2021-06-29,Peru,18490.0,0.7111538461538461
2021-06-30,Peru,18956.0,0.7191471603626844
2021-07-01,Peru,18459.0,0.7064564277239849
2021-07-02,Peru,18026.0,0.8479232325132885
2021-07-03,Peru,17368.0,0.8484611626770884
2021-07-04,Peru,17082.0,0.8505701339441318
2021-07-05,Peru,17055.0,0.8823985927152318
2021-07-06,Peru,16998.0,0.9193077339102217
2021-07-07,Peru,17110.0,0.9026165857775902
2021-07-08,Peru,16986.0,0.9202015277100601
2021-07-09,Peru,17162.0,0.952069233329635
2021-07-10,Peru,16632.0,0.957623215108245
2021-07-11,Peru,13842.0,0.8103266596417281
2021-07-12,Peru,15703.0,0.9207270595133392
2021-07-13,Peru,15664.0,0.9215201788445699
2021-07-14,Peru,14880.0,0.869666861484512
2021-07-15,Peru,14516.0,0.854586129753915
2021-07-16,Peru,14246.0,0.8300897331313367
2021-07-17,Peru,13957.0,0.8391654641654641
2021-07-18,Peru,15989.0,1.1551076434041323
2021-07-19,Peru,13310.0,0.8476087371839776
2021-07-20,Peru,12977.0,0.8284601634320735
2021-07-21,Peru,12888.0,0.8661290322580645
2021-07-22,Peru,12446.0,0.8573987324331772
2021-07-23,Peru,11928.0,0.8372876596939491
2021-07-24,Peru,11379.0,0.8152898187289532
2021-07-25,Peru,10964.0,0.6857214334855213
2021-07-26,Peru,10779.0,0.8098422238918107
2021-07-27,Peru,10640.0,0.8199121522693997
2021-07-28,Peru,10560.0,0.819366852886406
2021-07-29,Peru,10358.0,0.8322352563072473
2021-07-30,Peru,10062.0,0.8435613682092555
2021-07-31,Peru,9073.0,0.7973459882239212
2021-08-01,Peru,8155.0,0.7437978839839474
2021-08-02,Peru,8489.0,0.7875498654791725
2021-08-03,Peru,8807.0,0.8277255639097745
2021-08-04,Peru,9440.0,0.8939393939393939
2021-08-05,Peru,10281.0,0.9925661324580035
2021-08-06,Peru,11195.0,1.1126018684158219
2021-08-07,Peru,12466.0,1.3739667144274221
2021-08-08,Peru,13263.0,1.626364193746168
2021-08-09,Peru,12735.0,1.5001766992578631
2021-08-10,Peru,12144.0,1.3789031452253888
2021-08-11,Peru,11403.0,1.2079449152542372
2021-08-12,Peru,10382.0,1.0098239470868593
2021-08-13,Peru,9448.0,0.8439481911567664
2021-08-14,Peru,8957.0,0.7185143590566341
2021-08-15,Peru,8780.0,0.6619920078413631
2021-08-16,Peru,8706.0,0.6836277974087162
2021-08-17,Peru,8467.0,0.6972167325428195
2021-08-18,Peru,8517.0,0.746908708234675
2021-08-19,Peru,8793.0,0.8469466384126373
2021-08-20,Peru,8779.0,0.9291913632514818
2021-08-21,Peru,8648.0,0.9655018421346433
2021-08-22,Peru,8725.0,0.9937357630979499
2021-08-23,Peru,8401.0,0.9649666896393292
2021-08-24,Peru,8341.0,0.9851186961143262
2021-08-25,Peru,8200.0,0.9627803217095221
2021-08-26,Peru,7864.0,0.8943477766405095
2021-08-27,Peru,7756.0,0.8834719216311653
2021-08-28,Peru,7503.0,0.8675994449583718
2021-08-29,Peru,7223.0,0.8278510028653295
2021-08-30,Peru,7184.0,0.8551362932984169
2021-08-31,Peru,7074.0,0.8480997482316269
2021-09-01,Peru,7026.0,0.8568292682926829
2021-09-02,Peru,6315.0,0.8030264496439471
2021-09-03,Peru,5959.0,0.768308406395049
2021-09-04,Peru,5949.0,0.7928828468612555
2021-09-05,Peru,5807.0,0.8039595735843832
2021-09-06,Peru,5713.0,0.795239420935412
2021-09-07,Peru,5807.0,0.820893412496466
2021-09-08,Peru,5917.0,0.8421576999715343
2021-09-09,Peru,6445.0,1.0205859065716547
2021-09-10,Peru,6526.0,1.0951501929854002
2021-09-11,Peru,6375.0,1.0716086737266768
2021-09-12,Peru,6214.0,1.0700878250387464
2021-09-13,Peru,6195.0,1.0843689830211798
2021-09-14,Peru,6052.0,1.0421904597899088
2021-09-15,Peru,5850.0,0.9886766942707453
2021-09-16,Peru,5843.0,0.9065942591155934
2021-09-17,Peru,5776.0,0.8850750842782715
2021-09-18,Peru,5887.0,0.9234509803921569
2021-09-19,Peru,6227.0,1.002092050209205
2021-09-20,Peru,6092.0,0.9833736884584342
2021-09-21,Peru,5922.0,0.9785194976867151
2021-09-22,Peru,6294.0,1.0758974358974358
2021-09-23,Peru,6137.0,1.0503166181755947
2021-09-24,Peru,6115.0,1.058691135734072
2021-09-25,Peru,6095.0,1.035332087650756
2021-09-26,Peru,5841.0,0.9380118837321343
2021-09-27,Peru,5842.0,0.958962573867367
2021-09-28,Peru,6026.0,1.0175616345829113
2021-09-29,Peru,5702.0,0.9059421671433111
2021-09-30,Peru,5788.0,0.9431318233664657
2021-10-01,Peru,5878.0,0.9612428454619787
2021-10-02,Peru,5846.0,0.9591468416735028
2021-10-03,Peru,5909.0,1.0116418421503168
2021-10-04,Peru,5886.0,1.0075316672372474
2021-10-05,Peru,5905.0,0.979920345170926
2021-10-06,Peru,5962.0,1.0455980357769203
2021-10-07,Peru,5930.0,1.0245335176226675
2021-10-08,Peru,5878.0,1.0
2021-10-09,Peru,5785.0,0.9895655148819705
2021-10-10,Peru,5742.0,0.9717380267388729
2021-10-11,Peru,5442.0,0.9245667686034659
2021-10-12,Peru,5325.0,0.9017781541066893
2021-10-13,Peru,5360.0,0.8990271720899027
2021-10-14,Peru,5206.0,0.8779089376053963
2021-10-15,Peru,5063.0,0.8613473970738347
2021-10-16,Peru,5262.0,0.9095937770095074
2021-10-17,Peru,5326.0,0.9275513758272379
2021-10-18,Peru,5576.0,1.0246233002572585
2021-10-19,Peru,5745.0,1.0788732394366196
2021-10-20,Peru,5720.0,1.0671641791044777
2021-10-21,Peru,5816.0,1.1171724932769882
2021-10-22,Peru,5959.0,1.1769701757851077
2021-10-23,Peru,5721.0,1.087229190421893
2021-10-24,Peru,5781.0,1.0854299662035298
2021-10-25,Peru,5936.0,1.0645624103299856
2021-10-26,Peru,5850.0,1.0182767624020888
2021-10-27,Peru,5863.0,1.025
2021-10-28,Peru,5881.0,1.0111760660247593
2021-10-29,Peru,5833.0,0.9788555126699111
2021-10-30,Peru,5947.0,1.0395035832896347
2021-10-31,Peru,5744.0,0.9935997232312749
2021-11-01,Peru,5807.0,0.9782681940700808
2021-11-02,Peru,5937.0,1.014871794871795
2021-11-03,Peru,5930.0,1.0114275967934505
2021-11-04,Peru,5619.0,0.955449753443292
2021-11-05,Peru,5272.0,0.9038230756043203
2021-11-06,Peru,5388.0,0.9060030267361695
2021-11-07,Peru,5610.0,0.9766713091922006
2021-11-08,Peru,5648.0,0.9726192526261409
2021-11-09,Peru,5714.0,0.9624389422267138
2021-11-10,Peru,5701.0,0.9613827993254638
2021-11-11,Peru,6220.0,1.1069585335468946
2021-11-12,Peru,6819.0,1.2934370257966616
2021-11-13,Peru,6942.0,1.2884187082405345
2021-11-14,Peru,7028.0,1.2527629233511586
2021-11-15,Peru,6992.0,1.2379603399433428
2021-11-16,Peru,7033.0,1.2308365418270915
2021-11-17,Peru,7483.0,1.3125767409226452
2021-11-18,Peru,7941.0,1.2766881028938908
2021-11-19,Peru,8073.0,1.1838979322481302
2021-11-20,Peru,8251.0,1.1885623739556324
2021-11-21,Peru,8640.0,1.2293682413204325
2021-11-22,Peru,9331.0,1.334525171624714
2021-11-23,Peru,9801.0,1.3935731551258352
2021-11-24,Peru,9744.0,1.3021515434985969
2021-11-25,Peru,9824.0,1.2371237879360282
2021-11-26,Peru,10010.0,1.2399355877616747
2021-11-27,Peru,10124.0,1.2270027875409042
2021-11-28,Peru,10021.0,1.159837962962963
2021-11-29,Peru,9870.0,1.0577644411102776
2021-11-30,Peru,9731.0,0.9928578716457505
2021-12-01,Peru,9853.0,1.0111863711001643
2021-12-02,Peru,9695.0,0.9868688925081434
2021-12-03,Peru,9630.0,0.962037962037962
2021-12-04,Peru,9680.0,0.9561438166732517
2021-12-05,Peru,11471.0,1.1446961381099692
2021-12-06,Peru,9897.0,1.0027355623100305
2021-12-07,Peru,9340.0,0.9598191347240776
2021-12-08,Peru,10176.0,1.0327818938394397
2021-12-09,Peru,10282.0,1.0605466735430635
2021-12-10,Peru,10605.0,1.101246105919003
2021-12-11,Peru,10250.0,1.0588842975206612
2021-12-12,Peru,8381.0,0.7306250544852236
2021-12-13,Peru,10200.0,1.0306153379812064
2021-12-14,Peru,10958.0,1.1732334047109207
2021-12-15,Peru,10172.0,0.9996069182389937
2021-12-16,Peru,10163.0,0.9884263761914025
2021-12-17,Peru,10009.0,0.9438000942951438
2021-12-18,Peru,10509.0,1.0252682926829269
2021-12-19,Peru,10856.0,1.2953108220976017
2021-12-20,Peru,10893.0,1.0679411764705882
2021-12-21,Peru,10947.0,0.9989961671837927
2021-12-22,Peru,10887.0,1.0702909948879276
2021-12-23,Peru,10919.0,1.074387484010627
2021-12-24,Peru,11041.0,1.1031072035168348
2021-12-25,Peru,11369.0,1.0818346179465221
2021-12-26,Peru,11002.0,1.013448784082535
2021-12-27,Peru,15068.0,1.3832736619847608
2021-12-28,Peru,13979.0,1.2769708595962364
2021-12-29,Peru,15157.0,1.3922108937264628
2021-12-30,Peru,15759.0,1.4432640351680557
2021-12-31,Peru,17997.0,1.6300153971560547
2022-01-01,Peru,20705.0,1.8211804028498548
2022-01-02,Peru,23946.0,2.176513361207053
2022-01-03,Peru,22370.0,1.4846031324661535
2022-01-04,Peru,23379.0,1.6724372272694756
2022-01-05,Peru,23312.0,1.5380352312462888
2022-01-06,Peru,26382.0,1.6740909956215495
2022-01-07,Peru,31049.0,1.7252319831082958
2022-01-08,Peru,37463.0,1.8093697174595509
2022-01-09,Peru,45719.0,1.909254155182494
2022-01-10,Peru,57508.0,2.5707644166294146
2022-01-11,Peru,73135.0,3.128234740579152
2022-01-12,Peru,83615.0,3.586779341111874
2022-01-13,Peru,102721.0,3.8936016981275112
2022-01-14,Peru,121806.0,3.9230248961319205
2022-01-15,Peru,143992.0,3.843578997944639
2022-01-16,Peru,170239.0,3.7235941293554102
2022-01-17,Peru,203849.0,3.5447068233984838
2022-01-18,Peru,230313.0,3.14914883434744
2022-01-19,Peru,243537.0,2.912599413980745
2022-01-20,Peru,255647.0,2.4887510830307336
2022-01-21,Peru,282817.0,2.321864275979837
2022-01-22,Peru,306340.0,2.1274793044058002
2022-01-23,Peru,326730.0,1.9192429466808427
2022-01-24,Peru,331681.0,1.627091621739621
2022-01-25,Peru,340025.0,1.4763604312392267
2022-01-26,Peru,344434.0,1.4142984433576828
2022-01-27,Peru,352532.0,1.3789796086009223
2022-01-28,Peru,347191.0,1.2276171517270886
2022-01-29,Peru,340352.0,1.1110269635046028
2022-01-30,Peru,321213.0,0.9831144982095308
2022-01-31,Peru,302273.0,0.9113364950057434
2022-02-01,Peru,278255.0,0.8183368869936034
2022-02-02,Peru,263278.0,0.7643786618045838
2022-02-03,Peru,241409.0,0.6847860619745157
2022-02-04,Peru,215794.0,0.6215426091114113
2022-02-05,Peru,188292.0,0.5532272470853704
2022-02-06,Peru,170558.0,0.5309810001463203
2022-02-07,Peru,152810.0,0.5055363859822082
2022-02-08,Peru,139083.0,0.49984007475157677
2022-02-09,Peru,133357.0,0.5065254217974916
2022-02-10,Peru,122381.0,0.5069446458085656
2022-02-11,Peru,111486.0,0.5166316023615114
2022-02-12,Peru,102508.0,0.5444097465638477
2022-02-13,Peru,93604.0,0.5488103753561838
2022-02-14,Peru,86455.0,0.5657679471238793
2022-02-15,Peru,82191.0,0.5909492892733116
2022-02-16,Peru,76817.0,0.5760252555171457
2022-02-17,Peru,72243.0,0.5903122216683963
2022-02-18,Peru,68672.0,0.6159697181708914
2022-02-19,Peru,63764.0,0.6220392554727436
2022-02-20,Peru,56858.0,0.6074313063544293
2022-02-21,Peru,55235.0,0.6388872824012493
2022-02-22,Peru,50329.0,0.6123419839155139
2022-02-23,Peru,48184.0,0.6272569873856048
2022-02-24,Peru,44091.0,0.6103151862464183
2022-02-25,Peru,37583.0,0.5472827353215284
2022-02-26,Peru,31110.0,0.4878928549024528
2022-02-27,Peru,26890.0,0.4729325688557459
2022-02-28,Peru,21416.0,0.387725174255454
2022-03-01,Peru,20255.0,0.4024518667170021
2022-03-02,Peru,19364.0,0.4018761414577453
2022-03-03,Peru,17841.0,0.40464040280329316
2022-03-04,Peru,16712.0,0.44466913232046407
2022-03-05,Peru,16409.0,0.5274509803921569
2022-03-06,Peru,15862.0,0.5898847155076237
2022-03-07,Peru,13536.0,0.6320508031378409
2022-03-08,Peru,11285.0,0.5571463836089854
2022-03-09,Peru,10778.0,0.5565998760586656
2022-03-10,Peru,10218.0,0.5727257440726417
2022-03-11,Peru,9400.0,0.5624700813786501
2022-03-12,Peru,8591.0,0.5235541471143884
2022-03-13,Peru,10183.0,0.6419745303240448
2022-03-14,Peru,9786.0,0.7229609929078015
2022-03-15,Peru,8947.0,0.7928223305272486
2022-03-16,Peru,8804.0,0.8168491371311932
2022-03-17,Peru,8549.0,0.8366607946760618
2022-03-18,Peru,8449.0,0.8988297872340425
2022-03-19,Peru,8325.0,0.9690373646839716
2022-03-20,Peru,5421.0,0.5323578513208288
2022-03-21,Peru,5067.0,0.5177805027590435
2022-03-22,Peru,4901.0,0.5477813792332625
2022-03-23,Peru,5152.0,0.5851885506587915
2022-03-24,Peru,5114.0,0.5981986197216048
2022-03-25,Peru,4726.0,0.5593561368209256
2022-03-26,Peru,4390.0,0.5273273273273273
2022-03-27,Peru,4230.0,0.7802988378527946
2022-03-28,Peru,4069.0,0.8030392737319914
2022-03-29,Peru,4006.0,0.8173842073046317
2022-03-30,Peru,3634.0,0.7053571428571429
2022-03-31,Peru,3481.0,0.6806804849432929
2022-04-01,Peru,3517.0,0.7441811256876851
2022-04-02,Peru,3335.0,0.7596810933940774
2022-04-03,Peru,3268.0,0.7725768321513002
2022-04-04,Peru,3226.0,0.7928237896289014
2022-04-05,Peru,3156.0,0.7878182725911134
2022-04-06,Peru,3089.0,0.8500275178866263
2022-04-07,Peru,2945.0,0.8460212582591209
2022-04-08,Peru,2815.0,0.8003980665339778
2022-04-09,Peru,3115.0,0.9340329835082459
2022-04-10,Peru,3185.0,0.9746022031823746
2022-04-11,Peru,3157.0,0.9786112833230006
2022-04-12,Peru,2981.0,0.9445500633713562
2022-04-13,Peru,3083.0,0.9980576238264811
2022-04-14,Peru,3439.0,1.167741935483871
2022-04-15,Peru,3699.0,1.314031971580817
2022-04-16,Peru,3766.0,1.208988764044944
2022-04-17,Peru,3878.0,1.2175824175824175
2022-04-18,Peru,3894.0,1.2334494773519165
2022-04-19,Peru,4199.0,1.4085877222408587
2022-04-20,Peru,4584.0,1.486863444696724
2022-04-21,Peru,4672.0,1.3585344576911893
2022-04-22,Peru,4659.0,1.259529602595296
2022-04-23,Peru,4607.0,1.2233138608603293
2022-04-24,Peru,4674.0,1.2052604435275915
2022-04-25,Peru,4956.0,1.2727272727272727
2022-04-26,Peru,5137.0,1.2233865206001429
2022-04-27,Peru,5293.0,1.1546684118673647
2022-04-28,Peru,5161.0,1.1046660958904109
2022-04-29,Peru,5282.0,1.133719682335265
2022-04-30,Peru,5316.0,1.1538962448448014
2022-05-01,Peru,5215.0,1.1157466837826273
2022-05-02,Peru,5158.0,1.0407586763518968
2022-05-03,Peru,4963.0,0.9661280903250925
2022-05-04,Peru,4846.0,0.9155488380880408
2022-05-05,Peru,4871.0,0.9438093392753343
2022-05-06,Peru,4712.0,0.8920863309352518
2022-05-07,Peru,5097.0,0.958803611738149
2022-05-08,Peru,4468.0,0.8567593480345158
2022-05-09,Peru,4073.0,0.7896471500581621
2022-05-10,Peru,3943.0,0.7944791456780174
2022-05-11,Peru,3552.0,0.7329756500206356
2022-05-12,Peru,3168.0,0.6503797988092794
2022-05-13,Peru,2938.0,0.6235144312393888
2022-05-14,Peru,2135.0,0.4188738473611929
2022-05-15,Peru,2490.0,0.5572963294538944
2022-05-16,Peru,2593.0,0.6366314755708323
2022-05-17,Peru,2641.0,0.6697945726604109
2022-05-18,Peru,2757.0,0.7761824324324325
2022-05-19,Peru,2881.0,0.9094065656565656
2022-05-20,Peru,2937.0,0.9996596324029953
2022-05-21,Peru,3021.0,1.4149882903981266
2022-05-22,Peru,3360.0,1.3493975903614457
2022-05-23,Peru,3372.0,1.300424219051292
2022-05-24,Peru,3619.0,1.3703142748958728
2022-05-25,Peru,3477.0,1.2611534276387377
2022-05-26,Peru,3420.0,1.187087816730302
2022-05-27,Peru,3503.0,1.1927136533878107
2022-05-28,Peru,3725.0,1.2330354187355181
2022-05-29,Peru,3488.0,1.0380952380952382
2022-05-30,Peru,4243.0,1.2583036773428233
2022-05-31,Peru,4009.0,1.1077645758496821
2022-06-01,Peru,4038.0,1.1613459879206212
2022-06-02,Peru,4884.0,1.4280701754385965
2022-06-03,Peru,4283.0,1.2226662860405366
2022-06-04,Peru,4697.0,1.2609395973154363
2022-06-05,Peru,5039.0,1.4446674311926606
2022-06-06,Peru,4722.0,1.112891821824181
2022-06-07,Peru,5330.0,1.329508605637316
2022-06-08,Peru,5420.0,1.342248637939574
2022-06-09,Peru,4718.0,0.966011466011466
2022-06-10,Peru,5618.0,1.311697408358627
2022-06-11,Peru,5302.0,1.1288056206088992
2022-06-12,Peru,5294.0,1.0506052788251636
2022-06-13,Peru,5526.0,1.1702668360864041
2022-06-14,Peru,5501.0,1.0320825515947467
2022-06-15,Peru,6049.0,1.116051660516605
2022-06-16,Peru,6523.0,1.3825773632895295
2022-06-17,Peru,6483.0,1.1539693841224634
2022-06-18,Peru,7071.0,1.3336476801207091
2022-06-19,Peru,7680.0,1.4506989044200982
2022-06-20,Peru,8084.0,1.4629026420557365
2022-06-21,Peru,8619.0,1.5668060352663151
2022-06-22,Peru,9177.0,1.5171102661596958
2022-06-23,Peru,10362.0,1.5885328836424957
2022-06-24,Peru,11989.0,1.849298164430048
2022-06-25,Peru,13588.0,1.9216518172818555
2022-06-26,Peru,14746.0,1.9200520833333334
2022-06-27,Peru,15598.0,1.929490351311232
2022-06-28,Peru,17428.0,2.0220443206868546
2022-06-29,Peru,16636.0,1.8127928516944536
2022-06-30,Peru,17674.0,1.7056552789036865
2022-07-01,Peru,19477.0,1.6245725248144132
2022-07-02,Peru,18237.0,1.3421401236385047
2022-07-03,Peru,18673.0,1.266309507663095
2022-07-04,Peru,21454.0,1.375432747788178
2022-07-05,Peru,20600.0,1.1820059674087675
2022-07-06,Peru,22432.0,1.3484010579466217
2022-07-07,Peru,23398.0,1.3238655652370714
2022-07-08,Peru,25112.0,1.2893156030189454
2022-07-09,Peru,29507.0,1.6179744475516806
2022-07-10,Peru,32889.0,1.7613131259037111
2022-07-11,Peru,34125.0,1.5906124731984712
2022-07-12,Peru,37623.0,1.826359223300971
2022-07-13,Peru,43152.0,1.9236804564907275
2022-07-14,Peru,47014.0,2.009317035644072
2022-07-15,Peru,53548.0,2.1323669958585536
2022-07-16,Peru,58052.0,1.967397566679093
2022-07-17,Peru,67194.0,2.04305390860166
2022-07-18,Peru,71818.0,2.1045567765567768
2022-07-19,Peru,74483.0,1.9797198522180581
2022-07-20,Peru,78232.0,1.8129403040415277
2022-07-21,Peru,82520.0,1.7552218488109925
2022-07-22,Peru,84136.0,1.5712258160902368
2022-07-23,Peru,87532.0,1.507820574657204
2022-07-24,Peru,86925.0,1.2936422894901332
2022-07-25,Peru,88914.0,1.2380461722687905
2022-07-26,Peru,89464.0,1.2011331444759208
2022-07-27,Peru,83648.0,1.0692299826158094
2022-07-28,Peru,85546.0,1.0366698982064955
2022-07-29,Peru,85815.0,1.0199557858704953
2022-07-30,Peru,87136.0,0.9954759402275739
2022-07-31,Peru,78692.0,0.9052861662352603
2022-08-01,Peru,71175.0,0.8004926108374384
2022-08-02,Peru,70771.0,0.791055620137709
2022-08-03,Peru,69413.0,0.8298225899005356
2022-08-04,Peru,64465.0,0.7535711780796297
2022-08-05,Peru,59136.0,0.6891102954029016
2022-08-06,Peru,51453.0,0.5904907271391847
2022-08-07,Peru,55999.0,0.7116225283383317
2022-08-08,Peru,60563.0,0.8509027046013348
2022-08-09,Peru,57028.0,0.8058102895253706
2022-08-10,Peru,55830.0,0.804316194372812
2022-08-11,Peru,57106.0,0.885845032188009
2022-08-12,Peru,59890.0,1.0127502705627707
2022-08-13,Peru,62467.0,1.2140594328804928
2022-08-14,Peru,62336.0,1.1131627350488402
2022-08-15,Peru,60503.0,0.9990092961048825
2022-08-16,Peru,60716.0,1.0646699866732132
2022-08-17,Peru,60671.0,1.08670965430772
2022-08-18,Peru,57127.0,1.0003677371904878
2022-08-19,Peru,53942.0,0.9006845884120889
2022-08-20,Peru,52505.0,0.8405237965645861
2022-08-21,Peru,47526.0,0.7624165811088296
2022-08-22,Peru,48567.0,0.8027205262548964
2022-08-23,Peru,46390.0,0.7640490150866328
2022-08-24,Peru,44903.0,0.7401064759110613
2022-08-25,Peru,43164.0,0.7555796733593573
2022-08-26,Peru,39957.0,0.7407400541322161
2022-08-27,Peru,35912.0,0.6839729549566708
2022-08-28,Peru,33295.0,0.7005639018642428
2022-08-29,Peru,26947.0,0.5548417649844545
2022-08-30,Peru,25781.0,0.5557447725802975
2022-08-31,Peru,25013.0,0.5570451862904483
2022-09-01,Peru,21500.0,0.4981002687424706
2022-09-02,Peru,17247.0,0.43163901193783316
2022-09-03,Peru,16126.0,0.4490421029182446
2022-09-04,Peru,16393.0,0.49235620964108723
2022-09-05,Peru,16037.0,0.5951311834341485
2022-09-06,Peru,15332.0,0.5947015243784182
2022-09-07,Peru,14955.0,0.597889097669212
2022-09-08,Peru,16151.0,0.7512093023255814
2022-09-09,Peru,14918.0,0.8649620223807039
2022-09-10,Peru,13544.0,0.8398858985489271
2022-09-11,Peru,12390.0,0.7558104068809858
2022-09-12,Peru,11641.0,0.7258838934962898
2022-09-13,Peru,10904.0,0.7111922775893555
2022-09-14,Peru,10584.0,0.7077231695085255
2022-09-15,Peru,8820.0,0.5460962169525106
2022-09-16,Peru,9888.0,0.6628234347767797
2022-09-17,Peru,9004.0,0.664796219728293
2022-09-18,Peru,7702.0,0.6216303470540758
2022-09-19,Peru,6788.0,0.5831114165449703
2022-09-20,Peru,6666.0,0.6113352898019075
2022-09-21,Peru,6467.0,0.6110166288737717
2022-09-22,Peru,7529.0,0.8536281179138322
2022-09-23,Peru,8634.0,0.8731796116504854
2022-09-24,Peru,8939.0,0.992780986228343
2022-09-25,Peru,8992.0,1.167488963905479
2022-09-26,Peru,8878.0,1.3078962875662934
2022-09-27,Peru,8554.0,1.2832283228322832
2022-09-28,Peru,8481.0,1.3114272460182466
2022-09-29,Peru,6963.0,0.9248240138132554
2022-09-30,Peru,5771.0,0.6684039842483206
2022-10-01,Peru,4106.0,0.4593354961405079
2022-10-02,Peru,4287.0,0.4767571174377224
2022-10-03,Peru,4174.0,0.4701509348952467
2022-10-04,Peru,4060.0,0.4746317512274959
2022-10-05,Peru,4039.0,0.4762410093149393
2022-10-06,Peru,3896.0,0.5595289386758581
2022-10-07,Peru,3773.0,0.6537861722405129
2022-10-08,Peru,4737.0,1.1536775450560155
2022-10-09,Peru,4041.0,0.9426172148355494
2022-10-10,Peru,3409.0,0.8167225682798275
2022-10-11,Peru,3286.0,0.80935960591133
2022-10-12,Peru,3242.0,0.8026739291903937
2022-10-13,Peru,3079.0,0.7902977412731006
2022-10-14,Peru,2591.0,0.6867214418234826
2022-10-15,Peru,2001.0,0.42241925269157693
2022-10-16,Peru,1664.0,0.41177926255877256
2022-10-17,Peru,2087.0,0.6122029920797888
2022-10-18,Peru,2150.0,0.6542909312233719
2022-10-19,Peru,2141.0,0.6603948180135719
2022-10-20,Peru,1965.0,0.638194218902241
2022-10-21,Peru,1965.0,0.7583944423002702
2022-10-22,Peru,1882.0,0.9405297351324338
2022-10-23,Peru,1898.0,1.140625
2022-10-24,Peru,1740.0,0.8337326305701964
2022-10-25,Peru,1762.0,0.8195348837209302
2022-10-26,Peru,1748.0,0.8164409154600654
2022-10-27,Peru,1760.0,0.8956743002544529
2022-10-28,Peru,2191.0,1.1150127226463105
2022-10-29,Peru,2214.0,1.1764080765143465
2022-10-30,Peru,2317.0,1.2207586933614332
2022-10-31,Peru,3002.0,1.7252873563218392
2022-11-01,Peru,3579.0,2.0312145289443815
2022-11-02,Peru,4344.0,2.48512585812357
2022-11-03,Peru,4765.0,2.7073863636363638
2022-11-04,Peru,4929.0,2.2496576905522594
2022-11-05,Peru,5213.0,2.354561878952123
2022-11-06,Peru,5615.0,2.4233923176521364
2022-11-07,Peru,5932.0,1.9760159893404396
2022-11-08,Peru,5539.0,1.5476390053087454
2022-11-09,Peru,4845.0,1.1153314917127073
2022-11-10,Peru,5757.0,1.2081846799580274
2022-11-11,Peru,6653.0,1.3497666869547575
2022-11-12,Peru,8158.0,1.564933819297909
2022-11-13,Peru,9800.0,1.7453250222617989
2022-11-14,Peru,10620.0,1.7902899527983818
2022-11-15,Peru,10869.0,1.962267557320816
2022-11-16,Peru,11055.0,2.281733746130031
2022-11-17,Peru,12057.0,2.0943199583116208
2022-11-18,Peru,12599.0,1.893732150909364
2022-11-19,Peru,13544.0,1.6602108359892132
2022-11-20,Peru,14440.0,1.473469387755102
2022-11-21,Peru,16854.0,1.5870056497175142
2022-11-22,Peru,18462.0,1.6985923268009937
2022-11-23,Peru,19476.0,1.7617367706919946
2022-11-24,Peru,21643.0,1.7950568134693539
2022-11-25,Peru,25443.0,2.0194459877768076
2022-11-26,Peru,29071.0,2.1464116952155936
2022-11-27,Peru,32877.0,2.2768005540166203
2022-11-28,Peru,35259.0,2.0920256318974726
2022-11-29,Peru,36498.0,1.9769255768605785
2022-11-30,Peru,36879.0,1.8935613062230436
2022-12-01,Peru,41016.0,1.89511620385344
2022-12-02,Peru,49154.0,1.9319262665566168
2022-12-03,Peru,56346.0,1.9382202194626947
2022-12-04,Peru,61929.0,1.883657267998905
2022-12-05,Peru,67422.0,1.91219263166851
2022-12-06,Peru,73130.0,2.003671434051181
2022-12-07,Peru,75566.0,2.0490251904878116
2022-12-08,Peru,78125.0,1.9047444899551396
2022-12-09,Peru,78138.0,1.5896569963787281
2022-12-10,Peru,78726.0,1.3971887977851134
2022-12-11,Peru,71516.0,1.154806310452292
2022-12-12,Peru,62878.0,0.9326036011984219
2022-12-13,Peru,58633.0,0.8017639819499521
2022-12-14,Peru,57536.0,0.7614006299129238
2022-12-15,Peru,60738.0,0.7774464
2022-12-16,Peru,59834.0,0.7657477795694796
2022-12-17,Peru,54096.0,0.6871427482661383
2022-12-18,Peru,55330.0,0.7736730242183567
2022-12-19,Peru,57890.0,0.9206717770921466
2022-12-20,Peru,56762.0,0.9680896423515768
2022-12-21,Peru,54542.0,0.9479630144605117
2022-12-22,Peru,48001.0,0.7902960255523724
2022-12-23,Peru,39805.0,0.665257211618812
2022-12-24,Peru,35557.0,0.6572944395149364
2022-12-25,Peru,32935.0,0.5952467016085307
2022-12-26,Peru,30050.0,0.5190879253757126
2022-12-27,Peru,27685.0,0.4877382756069201
2022-12-28,Peru,27183.0,0.4983865644824172
2022-12-29,Peru,20842.0,0.43419928751484343
2022-12-30,Peru,20914.0,0.5254113804798393
2022-12-31,Peru,19606.0,0.5513963495233006
2023-01-01,Peru,15458.0,0.46934871717018367
2023-01-02,Peru,16452.0,0.5474875207986689
2023-01-03,Peru,16115.0,0.5820841610980676
2023-01-04,Peru,16094.0,0.5920612147297943
2023-01-05,Peru,15381.0,0.7379809999040399
2023-01-06,Peru,12567.0,0.6008893564119728
2023-01-07,Peru,10496.0,0.5353463225543201
2023-01-08,Peru,12095.0,0.7824427480916031
2023-01-09,Peru,10232.0,0.6219304643812302
2023-01-10,Peru,9830.0,0.6099906919019547
2023-01-11,Peru,10092.0,0.6270659873244687
2023-01-12,Peru,9790.0,0.6364995774006892
2023-01-13,Peru,8085.0,0.6433516352351396
2023-01-14,Peru,8462.0,0.8062118902439024
2023-01-15,Peru,7490.0,0.6192641587432823
2023-01-16,Peru,5705.0,0.5575645035183737
2023-01-17,Peru,5825.0,0.5925737538148524
2023-01-18,Peru,5418.0,0.5368608799048752
2023-01-19,Peru,5204.0,0.5315628192032686
2023-01-20,Peru,5338.0,0.660235003092146
2023-01-21,Peru,4357.0,0.5148900969038053
2023-01-22,Peru,4134.0,0.5519359145527369
2023-01-23,Peru,4112.0,0.7207712532865908
2023-01-24,Peru,3545.0,0.6085836909871245
2023-01-25,Peru,3465.0,0.6395348837209303
2023-01-26,Peru,3460.0,0.6648731744811683
2023-01-27,Peru,2945.0,0.5517047583364556
2023-01-28,Peru,2903.0,0.6662841404636217
2023-01-29,Peru,2873.0,0.6949685534591195
2023-01-30,Peru,2409.0,0.5858463035019456
2023-01-31,Peru,2275.0,0.6417489421720733
2023-02-01,Peru,2215.0,0.6392496392496393
2023-02-02,Peru,2038.0,0.5890173410404624
2023-02-03,Peru,1864.0,0.6329371816638371
2023-02-04,Peru,1666.0,0.5738890802617982
2023-02-05,Peru,1482.0,0.5158371040723982
2023-02-06,Peru,1396.0,0.5794935657949356
2023-02-07,Peru,1336.0,0.5872527472527472
2023-02-08,Peru,1339.0,0.6045146726862303
2023-02-09,Peru,1231.0,0.6040235525024534
2023-02-10,Peru,1163.0,0.6239270386266095
2023-02-11,Peru,1116.0,0.6698679471788715
2023-02-12,Peru,1133.0,0.7645074224021593
2023-02-13,Peru,1122.0,0.8037249283667621
2023-02-14,Peru,1147.0,0.8585329341317365
2023-02-15,Peru,1150.0,0.8588498879761016
2023-02-16,Peru,1177.0,0.9561332250203087
2023-02-17,Peru,1137.0,0.9776440240756664
2023-02-18,Peru,1126.0,1.0089605734767024
2023-02-19,Peru,1088.0,0.9602824360105914
2023-02-20,Peru,1032.0,0.9197860962566845
2023-02-21,Peru,1040.0,0.9067131647776809
2023-02-22,Peru,1031.0,0.8965217391304348
2023-02-23,Peru,874.0,0.7425658453695837
2023-02-24,Peru,830.0,0.7299912049252418
2023-02-25,Peru,785.0,0.6971580817051509
2023-02-26,Peru,751.0,0.6902573529411765
2023-02-27,Peru,965.0,0.935077519379845
2023-02-28,Peru,915.0,0.8798076923076923
2023-03-01,Peru,943.0,0.9146459747817652
2023-03-02,Peru,1131.0,1.294050343249428
2023-03-03,Peru,1279.0,1.5409638554216867
2023-03-04,Peru,1306.0,1.6636942675159236
2023-03-05,Peru,1383.0,1.8415446071904127
2023-03-06,Peru,1216.0,1.2601036269430053
2023-03-07,Peru,1148.0,1.2546448087431694
2023-03-08,Peru,1181.0,1.2523860021208908
2023-03-09,Peru,900.0,0.7957559681697612
2023-03-10,Peru,1271.0,0.9937451133698202
2023-03-11,Peru,1317.0,1.0084226646248087
2023-03-12,Peru,1291.0,0.9334779464931309
2023-03-13,Peru,1124.0,0.9243421052631579
2023-03-14,Peru,1307.0,1.1385017421602788
2023-03-15,Peru,1325.0,1.121930567315834
2023-03-16,Peru,1404.0,1.56
2023-03-17,Peru,1058.0,0.8324154209284028
2023-03-18,Peru,1150.0,0.8731966590736523
2023-03-19,Peru,1191.0,0.9225406661502711
2023-03-20,Peru,1421.0,1.2642348754448398
2023-03-21,Peru,1650.0,1.2624330527926548
2023-03-22,Peru,1593.0,1.2022641509433962
2023-03-23,Peru,1771.0,1.2613960113960114
2023-03-24,Peru,1498.0,1.4158790170132325
2023-03-25,Peru,1571.0,1.366086956521739
2023-03-26,Peru,1649.0,1.3845507976490343
2023-03-27,Peru,1759.0,1.2378606615059817
2023-03-28,Peru,1663.0,1.0078787878787878
2023-03-29,Peru,1801.0,1.130571249215317
2023-03-30,Peru,1663.0,0.9390175042348955
2023-03-31,Peru,2006.0,1.3391188251001336
2023-04-01,Peru,2014.0,1.2819859961807765
2023-04-02,Peru,2095.0,1.2704669496664645
2023-04-03,Peru,1755.0,0.9977259806708357
2023-04-04,Peru,1439.0,0.8653036680697535
2023-04-05,Peru,1238.0,0.6873958911715713
2023-04-06,Peru,1119.0,0.6728803367408298
2023-04-07,Peru,776.0,0.386839481555334
2023-04-08,Peru,386.0,0.1916583912611718
2023-04-09,Peru,0.0,0.0
2023-04-10,Peru,0.0,0.0
2023-04-11,Peru,0.0,0.0
2023-04-12,Peru,0.0,0.0
2023-04-13,Peru,0.0,0.0
2023-04-14,Peru,0.0,0.0
2023-04-15,Peru,0.0,0.0
2023-04-16,Peru,4005.0,inf
2023-04-17,Peru,4005.0,inf
2023-04-18,Peru,4005.0,inf
2023-04-19,Peru,4005.0,inf
2023-04-20,Peru,4005.0,inf
2023-04-21,Peru,4005.0,inf
2023-04-22,Peru,4005.0,inf
2023-04-23,Peru,2459.0,0.6139825218476904
2023-04-24,Peru,2459.0,0.6139825218476904
2023-04-25,Peru,2459.0,0.6139825218476904
2023-04-26,Peru,2459.0,0.6139825218476904
2023-04-27,Peru,2459.0,0.6139825218476904
2023-04-28,Peru,2459.0,0.6139825218476904
2023-04-29,Peru,2459.0,0.6139825218476904
2023-04-30,Peru,1775.0,0.7218381455876373
2023-05-01,Peru,1775.0,0.7218381455876373
2023-05-02,Peru,1775.0,0.7218381455876373
2023-05-03,Peru,1775.0,0.7218381455876373
2023-05-04,Peru,1775.0,0.7218381455876373
2023-05-05,Peru,1775.0,0.7218381455876373
2023-05-06,Peru,1775.0,0.7218381455876373
2023-05-07,Peru,2092.0,1.1785915492957746
2023-05-08,Peru,2092.0,1.1785915492957746
2023-05-09,Peru,2092.0,1.1785915492957746
2023-05-10,Peru,2092.0,1.1785915492957746
2023-05-11,Peru,2092.0,1.1785915492957746
2023-05-12,Peru,2092.0,1.1785915492957746
2023-05-13,Peru,2092.0,1.1785915492957746
2023-05-14,Peru,1998.0,0.9550669216061185
2023-05-15,Peru,1998.0,0.9550669216061185
2023-05-16,Peru,1998.0,0.9550669216061185
2023-05-17,Peru,1998.0,0.9550669216061185
2023-05-18,Peru,1998.0,0.9550669216061185
2023-05-19,Peru,1998.0,0.9550669216061185
2023-05-20,Peru,1998.0,0.9550669216061185
2023-05-21,Peru,0.0,0.0
2023-05-22,Peru,0.0,0.0
2023-05-23,Peru,0.0,0.0
2023-05-24,Peru,0.0,0.0
2023-05-25,Peru,0.0,0.0
2023-05-26,Peru,0.0,0.0
2023-05-27,Peru,0.0,0.0
